nFounder,4,,,,,,,,,,,,,,,,,,,,,,,,,,,,,,,,,,,,,,,,,,,,,,,,,,,,,,,,,,,,,,,,,,,,,,,,,,,,,,,,,,,,,,,,,,,,,,,,,,,,,,,,,,,,,,,,,,,,,,,,,,,,,,,,,,,,,,,,,,,,,,,,,,,,,,,,,,,,,,,,,,,,,,,,,,,,,,,,,,,,,,,,,,,,,,,,,,,,
marker,X1_10360,X1_368962,X1_956687,X1_1135862,X1_1306170,X1_1678501,X1_2176553,X1_2329832,X1_2584662,X1_2909046,X1_3134251,X1_3308977,X1_3464235,X1_3619409,X1_3845280,X1_4173889,X1_4431865,X1_4600160,X1_4833319,X1_4977190,X1_5349766,X1_5653262,X1_5967760,X1_6115421,X1_6394260,X1_6598269,X1_6775874,X1_6928974,X1_7180962,X1_7465888,X1_7639278,X1_7782872,X1_7935215,X1_8233349,X1_8390445,X1_8621992,X1_9240346,X1_9561522,X1_9788094,X1_9980808,X1_10187288,X1_10339513,X1_10685078,X1_10865848,X1_11289393,X1_11444922,X1_11730919,X1_11869828,X1_12282188,X1_12479892,X1_12687592,X1_12918321,X1_13142460,X1_13610800,X1_13876669,X1_14301081,X1_15140745,X1_15523282,X1_15912686,X1_16233781,X1_16647509,X1_16808147,X1_17491090,X1_17699286,X1_17893238,X1_18089208,X1_18236176,X1_18393062,X1_18635393,X1_18972821,X1_19167871,X1_19354282,X1_19519064,X1_19723046,X1_19975411,X1_20204587,X1_20710805,X1_20951065,X1_21156130,X1_21493390,X1_22016400,X1_22255239,X1_22497824,X1_22727765,X1_22910154,X1_23069742,X1_23341196,X1_23480691,X1_23743447,X1_24024577,X1_24181015,X1_24365871,X1_24890531,X1_25223023,X1_25380734,X1_25609821,X1_25892792,X1_26161652,X1_26353759,X1_26595758,X1_26866302,X1_27042940,X1_27277885,X1_27535763,X1_27698225,X1_28209042,X1_28378957,X1_28582048,X1_28743785,X1_28921457,X1_29079975,X1_29293671,X1_29496627,X1_29696506,X1_29943983,X1_30134154,X1_30294777,X2_10138,X2_170551,X2_412718,X2_744936,X2_1007797,X2_1473089,X2_1837929,X2_2029793,X2_2191546,X2_2473579,X2_2808309,X2_3029084,X2_3171430,X2_3557605,X2_3727914,X2_3935320,X2_4079124,X2_4755003,X2_5054235,X2_5391248,X2_6019462,X2_6229938,X2_6904453,X2_7536693,X2_7761064,X2_8018347,X2_8410904,X2_8668820,X2_8889872,X2_9052077,X2_9197170,X2_9375559,X2_9524674,X2_9670002,X2_9893085,X2_10058904,X2_10205868,X2_10387197,X2_10615354,X2_10891816,X2_11306625,X2_11543836,X2_11699736,X2_11870055,X2_12132682,X2_12360369,X2_12536263,X2_12692670,X2_12834247,X2_13032212,X2_13201067,X2_13448839,X2_13623353,X2_13943021,X2_14137109,X2_14300347,X2_14501238,X2_14677783,X2_14835523,X2_15097837,X2_15284101,X2_15425844,X2_15598331,X2_15768576,X2_16061502,X2_16256409,X2_16422854,X2_16573909,X2_16884928,X2_17238103,X2_17541493,X2_17741058,X2_17910139,X2_18106141,X2_18477056,X2_18723843,X2_18915709,X2_19150635,X2_19330796,X2_19508092
chromosome,1,1,1,1,1,1,1,1,1,1,1,1,1,1,1,1,1,1,1,1,1,1,1,1,1,1,1,1,1,1,1,1,1,1,1,1,1,1,1,1,1,1,1,1,1,1,1,1,1,1,1,1,1,1,1,1,1,1,1,1,1,1,1,1,1,1,1,1,1,1,1,1,1,1,1,1,1,1,1,1,1,1,1,1,1,1,1,1,1,1,1,1,1,1,1,1,1,1,1,1,1,1,1,1,1,1,1,1,1,1,1,1,1,1,1,1,1,2,2,2,2,2,2,2,2,2,2,2,2,2,2,2,2,2,2,2,2,2,2,2,2,2,2,2,2,2,2,2,2,2,2,2,2,2,2,2,2,2,2,2,2,2,2,2,2,2,2,2,2,2,2,2,2,2,2,2,2,2,2,2,2,2,2,2,2,2,2,2,2,2,2,2,2,2,2,2,2
pos(cM),0.037296,1.3282632,3.4440732,4.0891032,4.702212,6.0426036,7.8355908,8.3873952,9.3047832,10.4725656,11.2833036,11.9123172,12.471246,13.0298724,13.843008,15.0260004,15.954714,16.560576,17.3999484,17.917884,19.2591576,20.3517432,21.483936,22.0155156,23.019336,23.7537684,24.3931464,24.9443064,25.8514632,26.8771968,27.5014008,28.0183392,28.566774,29.6400564,30.205602,31.0391712,33.2652456,34.4214792,35.2371384,35.9309088,36.6742368,37.2222468,38.4662808,39.1170528,40.6418148,41.2017192,42.2313084,42.7313808,44.2158768,44.9276112,45.6753312,46.5059556,47.312856,48.99888,49.9560084,51.4838916,54.506682,55.8838152,57.2856696,58.4416116,59.9310324,60.5093292,62.967924,63.7174296,64.4156568,65.1211488,65.6502336,66.2150232,67.0874148,68.3021556,69.0043356,69.6754152,70.2686304,71.0029656,71.9114796,72.7365132,74.558898,75.423834,76.162068,77.376204,79.25904,80.1188604,80.9921664,81.819954,82.4765544,83.0510712,84.0283056,84.5304876,85.4764092,86.4884772,87.051654,87.7171356,89.6059116,90.8028828,91.3706424,92.1953556,93.2140512,94.1819472,94.8735324,95.7447288,96.7186872,97.354584,98.200386,99.1287468,99.71361,101.5525512,102.1642452,102.8953728,103.477626,104.1172452,104.68791,105.4572156,106.1878572,106.9074216,107.7983388,108.4829544,109.0611972,0.0364968,0.6139836,1.4857848,2.6817696,3.6280692,5.3031204,6.6165444,7.3072548,7.8895656,8.9048844,10.1099124,10.9047024,11.417148,12.807378,13.4204904,14.167152,14.6848464,17.1180108,18.195246,19.4084928,21.6700632,22.4277768,24.8560308,27.1320948,27.9398304,28.8660492,30.2792544,31.207752,32.0035392,32.5874772,33.109812,33.7520124,34.2888264,34.8120072,35.615106,36.2120544,36.7411248,37.3939092,38.2152744,39.2105376,40.70385,41.5578096,42.1190496,42.732198,43.6776552,44.4973284,45.1305468,45.693612,46.2032892,46.9159632,47.5238412,48.4158204,49.0440708,50.1948756,50.8935924,51.4812492,52.2044568,52.8400188,53.4078828,54.3522132,55.0227636,55.5330384,56.1539916,56.7668736,57.8214072,58.5230724,59.1222744,59.6660724,60.7857408,62.0571708,63.1493748,63.8678088,64.4765004,65.1821076,66.5174016,67.4058348,68.0965524,68.942286,69.5908656,70.2291312
Parent_A,1,2,1,1,2,1,1,1,2,1,1,1,2,2,1,2,2,2,2,2,1,2,2,2,2,1,1,2,2,2,1,1,2,2,1,2,2,2,1,2,1,1,1,1,2,1,2,2,1,2,1,1,2,1,1,2,2,2,2,2,1,2,2,2,2,1,1,2,2,1,1,1,2,2,2,2,1,2,1,1,2,2,2,2,2,2,2,2,2,1,1,2,1,2,2,2,2,2,1,2,1,2,2,1,1,1,2,2,1,2,2,2,2,2,1,2,2,1,2,1,2,2,2,2,2,1,2,1,2,2,1,1,1,2,1,2,2,1,2,2,1,1,2,2,2,1,1,1,2,2,2,2,2,1,2,1,2,1,1,1,2,2,2,2,2,1,1,1,1,1,1,2,1,1,1,2,2,2,2,2,2,2,1,1,2,2,1,2,2,2,1,1,2,2,1,1,1
Parent_B,2,2,2,1,2,2,2,2,2,2,2,1,2,2,2,1,2,2,2,2,1,1,2,1,2,2,2,2,2,2,2,2,2,1,1,2,2,2,2,2,1,2,2,2,2,2,1,2,2,2,2,2,1,2,2,2,1,1,1,1,2,2,2,1,2,2,2,2,2,1,2,2,2,2,1,1,2,2,2,2,2,2,1,1,2,2,2,2,2,2,2,1,2,2,1,2,2,2,2,2,2,2,2,2,2,2,1,2,2,2,2,2,2,2,2,1,2,2,2,2,2,1,1,2,2,2,1,2,1,1,1,1,2,2,2,2,2,2,2,2,1,1,2,2,2,2,2,2,2,2,2,2,2,1,2,2,2,1,2,2,2,2,2,2,2,2,2,1,2,2,2,2,2,1,1,2,1,2,1,2,1,1,2,2,2,1,2,2,1,2,1,2,1,2,2,2,2
Parent_C,1,1,2,1,1,2,1,2,2,1,2,1,2,1,1,2,2,2,2,1,1,1,2,1,1,1,1,2,1,2,2,2,1,1,2,2,2,1,1,1,1,2,2,1,2,2,2,2,1,2,1,1,2,2,2,2,2,2,2,2,1,2,1,2,2,1,2,1,2,1,1,1,2,1,1,2,2,2,2,2,2,1,2,1,2,1,2,2,1,2,2,2,1,1,1,2,1,2,2,1,2,2,2,2,1,2,2,2,2,1,1,1,2,2,2,1,2,2,1,2,2,1,2,2,2,2,2,2,2,2,2,2,2,2,2,2,2,2,1,1,2,2,2,1,2,2,2,2,2,2,2,1,1,2,2,2,1,1,2,2,1,2,2,1,2,1,2,1,1,2,2,1,2,2,2,1,2,2,1,1,2,2,1,2,1,2,1,1,2,1,1,1,2,1,1,2,1
Parent_D,2,2,1,2,2,1,2,2,2,1,2,2,1,2,2,1,1,2,1,2,2,2,1,1,1,2,2,1,2,2,2,1,2,2,1,2,1,2,2,2,2,2,2,2,1,1,1,1,2,2,1,2,1,1,2,2,2,2,2,1,1,2,1,1,2,2,2,2,1,2,2,2,2,2,2,2,2,2,1,2,1,2,2,2,2,2,1,2,2,2,2,1,2,2,2,1,1,2,2,2,2,2,1,2,2,2,2,2,2,1,2,2,1,2,2,1,1,2,1,2,1,2,2,1,1,2,2,2,2,2,2,2,2,2,2,2,1,2,2,2,2,2,2,1,1,2,2,2,2,1,1,2,2,2,2,2,2,2,2,2,2,2,2,2,1,2,1,2,2,2,1,2,2,2,2,1,2,2,2,2,2,2,2,1,2,2,2,2,2,2,2,2,1,1,2,1,1
Progeny1,22,22,22,11,11,22,21,22,22,11,22,21,12,21,21,12,12,22,12,21,21,21,12,11,11,21,21,12,21,22,22,12,21,21,12,22,12,21,21,21,21,22,22,21,12,12,12,12,21,22,11,22,21,21,22,22,22,22,22,22,11,22,11,11,22,22,22,22,11,11,11,11,22,11,11,22,22,22,11,22,11,22,22,22,22,22,11,22,22,22,22,11,22,22,22,11,11,22,22,22,22,22,11,22,22,22,22,22,22,11,22,22,11,22,22,11,11,22,11,22,11,22,22,11,11,22,22,22,22,22,22,22,22,22,22,22,11,22,22,22,22,22,22,11,11,22,22,22,22,11,22,11,11,22,22,22,11,11,22,22,11,22,22,11,22,11,22,11,22,22,11,22,22,22,22,11,22,22,22,22,22,22,22,11,22,22,22,22,22,22,22,22,11,11,22,11,11
Progeny2,11,22,11,11,22,11,11,11,22,11,11,11,22,22,11,22,22,22,22,22,11,22,22,22,22,11,11,22,22,22,11,11,22,22,11,22,22,22,11,22,11,11,11,11,22,11,22,22,11,22,11,11,22,11,11,22,22,22,22,22,11,22,22,22,22,11,11,22,22,11,11,11,22,22,22,22,11,22,11,11,22,11,22,11,22,11,22,22,11,22,22,22,11,11,11,22,11,22,22,22,22,22,22,22,22,22,22,22,22,11,22,22,11,22,22,11,11,11,22,11,22,22,22,22,22,11,22,11,22,22,11,11,11,22,11,22,22,11,22,22,11,11,22,22,22,11,11,11,22,22,22,22,22,11,22,11,22,11,11,11,11,22,22,11,22,11,22,11,22,22,22,22,22,11,11,22,11,22,11,22,11,11,22,22,22,11,22,22,11,22,11,22,11,22,22,22,22
Progeny3,22,22,11,22,22,11,22,22,22,11,22,22,11,22,22,11,11,22,11,22,22,22,11,11,11,22,22,11,22,22,22,11,22,22,11,22,11,22,22,22,22,22,22,22,11,11,11,11,22,22,11,22,11,11,22,22,22,22,22,11,11,22,11,11,22,22,22,22,11,22,22,22,22,22,22,22,22,22,11,22,11,22,22,22,22,11,22,22,11,22,22,22,11,11,11,22,11,22,22,11,22,22,22,22,11,22,22,22,22,11,11,11,22,22,22,11,22,11,22,11,22,11,22,22,22,22,22,11,22,22,11,11,11,22,11,22,22,11,22,22,11,11,22,22,22,11,11,11,22,22,22,22,22,11,22,11,22,11,11,11,22,22,22,22,22,11,11,22,22,22,11,22,22,22,22,11,22,22,22,22,22,22,22,11,22,22,22,22,22,22,11,11,22,11,11,22,11
Progeny4,11,22,11,11,22,11,11,11,22,11,11,11,22,22,11,22,22,22,22,22,11,22,22,22,22,11,11,22,22,22,11,11,22,22,11,22,22,22,22,22,11,22,22,22,22,22,11,22,22,22,22,22,11,22,22,22,11,11,11,11,22,22,22,11,22,22,22,22,22,11,22,22,22,22,11,11,22,22,22,22,22,22,11,11,22,22,22,22,22,22,22,22,11,11,11,22,11,22,22,11,22,22,22,22,11,22,22,22,22,11,22,22,11,22,22,11,11,11,22,11,11,22,22,11,11,22,22,22,22,22,22,22,22,22,22,22,11,22,22,22,22,22,22,11,11,22,22,22,22,11,11,22,22,22,22,22,22,22,22,22,22,22,22,22,11,22,11,22,22,22,11,22,22,22,22,11,22,22,22,22,22,22,22,11,22,22,22,22,22,22,22,22,11,11,22,11,11
Progeny5,11,11,22,11,11,22,11,22,22,11,22,11,22,11,11,22,22,22,22,11,11,11,22,11,11,11,11,22,11,22,22,22,11,11,22,22,22,11,11,11,11,22,22,11,22,22,22,22,11,22,11,11,22,22,22,22,22,22,22,22,11,22,11,22,22,11,22,11,22,11,11,11,22,11,11,22,22,22,22,22,22,11,22,11,22,11,22,22,11,22,22,22,11,11,11,22,11,22,22,11,22,22,22,22,11,22,22,22,22,11,11,11,22,22,22,11,22,22,11,22,22,11,22,22,22,22,22,22,22,22,11,11,22,22,22,22,22,22,12,12,21,21,22,11,22,22,22,22,22,22,22,11,11,11,22,22,22,11,22,22,22,22,22,22,22,22,22,11,22,22,22,22,22,11,11,22,22,22,22,22,22,22,11,11,22,11,22,22,11,22,11,22,11,22,22,11,11
Progeny6,21,21,12,21,21,12,21,22,22,11,22,21,12,21,21,12,12,22,12,21,21,21,12,11,11,21,21,12,21,22,22,12,21,21,12,22,12,21,21,21,21,22,22,21,12,12,12,12,21,22,11,21,12,12,22,22,22,22,22,22,11,22,11,22,22,11,22,11,22,11,11,11,22,11,11,22,22,22,22,22,22,22,22,22,22,22,22,22,22,11,11,22,11,22,11,22,22,22,22,22,22,22,22,22,22,22,11,22,22,22,22,22,22,22,22,11,22,11,22,11,22,22,22,22,22,11,22,11,22,22,11,11,11,22,11,22,22,22,22,22,11,11,22,22,22,11,11,11,22,22,22,22,22,11,22,11,22,11,11,11,22,22,22,22,22,11,11,11,11,11,11,22,11,11,11,22,22,22,22,22,22,22,11,11,22,22,11,22,22,22,11,11,22,22,11,11,11
Progeny7,22,22,11,22,22,11,22,22,22,11,22,22,11,22,22,11,11,22,11,22,22,22,11,11,11,22,22,11,22,22,22,11,22,22,11,22,11,22,22,22,22,22,22,22,11,11,11,11,22,22,11,22,11,11,22,22,22,22,22,11,11,22,11,11,22,22,22,22,11,22,22,22,22,22,22,22,22,22,11,22,11,22,22,21,22,22,12,22,22,22,22,11,22,22,22,11,11,22,22,22,22,22,11,22,22,22,22,22,22,11,22,22,11,22,22,11,11,22,12,22,12,21,21,12,12,22,21,22,11,11,11,11,22,22,22,22,22,22,22,22,11,11,22,22,11,22,11,11,22,22,22,22,22,22,22,22,22,22,22,22,22,22,22,22,11,22,11,22,22,22,11,22,22,22,22,11,22,22,22,22,22,22,22,11,22,22,11,22,22,22,11,11,22,22,11,11,11
Progeny8,11,22,11,11,22,11,11,11,22,11,11,11,22,22,11,22,22,22,22,22,11,22,22,22,22,11,11,22,22,22,11,11,22,22,11,22,22,22,11,22,11,11,11,11,22,11,22,22,11,22,11,11,22,11,11,22,22,22,22,22,11,22,11,22,22,11,22,11,22,11,11,11,22,11,11,22,11,22,11,11,22,22,22,22,22,22,22,22,22,11,11,22,11,22,22,22,22,22,11,22,11,22,22,11,11,11,22,22,11,22,22,22,22,22,11,22,22,22,11,22,11,22,22,11,11,22,22,22,22,22,22,22,22,22,11,22,22,11,22,22,11,22,22,11,11,22,22,22,22,11,11,22,22,22,22,22,22,22,22,22,22,22,22,22,11,22,11,22,22,22,11,22,22,22,22,11,22,22,22,22,22,22,22,11,22,22,22,22,22,22,22,22,11,11,22,11,11
Progeny9,11,11,22,11,22,22,22,22,22,22,22,11,22,22,22,11,22,22,22,22,11,11,22,11,22,22,22,22,22,22,22,22,22,11,11,22,22,22,22,22,11,22,22,22,22,22,11,22,22,22,22,22,11,22,22,22,22,22,22,22,11,22,11,22,22,11,22,11,22,11,11,11,22,11,11,22,22,22,22,22,22,11,22,11,22,11,22,22,11,22,22,22,11,11,11,22,11,22,22,22,22,22,11,22,22,22,22,22,22,11,22,22,11,22,22,11,11,22,11,22,11,22,22,11,11,22,22,22,22,22,22,22,22,22,22,22,11,22,22,22,22,22,22,11,11,22,22,22,22,11,11,22,22,22,22,22,22,22,22,22,22,22,22,22,11,22,11,22,22,22,11,22,22,22,22,11,22,22,22,22,22,22,22,11,22,22,22,22,22,22,22,22,11,11,22,11,11
Progeny10,11,11,22,11,11,22,11,22,22,11,22,11,22,11,22,11,11,22,11,22,22,22,11,11,11,22,22,11,22,22,22,11,22,22,22,22,22,11,11,11,11,22,22,11,22,22,22,22,11,22,11,11,22,22,22,22,22,22,22,11,11,22,11,11,22,22,22,22,11,22,22,22,22,22,22,22,22,22,11,22,11,22,22,22,22,22,11,22,22,22,22,11,22,22,22,11,11,22,22,22,22,22,11,22,22,22,22,22,22,11,22,22,11,22,22,11,11,22,22,22,22,11,11,22,22,22,11,22,11,11,11,11,22,22,22,22,22,22,22,22,22,22,22,11,11,22,22,22,22,11,11,22,22,22,22,22,22,22,22,22,22,22,22,22,11,22,11,22,22,22,11,22,22,22,22,11,22,22,22,22,22,22,22,11,22,22,11,22,22,22,11,11,22,22,11,11,11
Progeny11,22,22,22,11,22,22,22,22,22,22,22,11,22,22,22,11,22,22,22,22,11,11,22,11,11,11,11,22,11,22,22,22,11,11,22,22,22,11,11,11,11,22,22,11,22,22,11,22,22,22,22,22,11,22,22,22,11,11,11,11,22,22,22,11,22,22,22,22,22,11,22,22,22,22,11,11,22,22,22,22,22,22,11,11,22,22,22,22,22,22,22,11,22,22,11,22,22,22,22,22,22,22,22,22,22,22,22,22,22,11,22,22,11,22,22,11,11,11,22,11,22,22,22,22,22,11,22,11,22,22,11,11,11,22,11,22,22,11,22,22,11,11,22,22,22,11,11,11,22,22,22,22,22,11,22,11,22,11,11,11,22,22,22,22,12,21,11,21,21,21,11,22,21,21,21,12,22,22,22,22,22,22,21,11,22,22,21,22,22,22,21,21,12,12,21,11,11
Progeny12,22,22,22,11,22,22,22,22,22,22,22,11,22,22,22,11,11,22,11,22,22,22,22,11,22,22,22,22,22,22,22,22,22,11,11,22,22,22,22,22,11,22,22,22,22,22,11,22,22,22,22,22,11,22,22,22,11,11,11,11,22,22,22,11,22,22,22,22,22,11,22,22,22,22,11,11,22,22,22,22,22,22,11,11,22,22,22,22,22,22,22,11,22,22,11,22,22,22,22,22,22,22,22,22,22,22,11,22,22,22,22,22,22,22,22,11,22,11,22,11,22,22,22,22,22,11,22,11,22,22,11,11,11,22,11,22,22,11,22,22,22,22,22,11,22,22,22,22,22,22,22,11,11,22,22,22,11,11,22,22,11,22,22,11,22,11,22,11,11,22,22,11,22,22,22,11,22,22,11,11,22,22,11,22,11,22,11,11,22,11,11,11,22,11,11,22,11
Progeny13,11,22,22,11,22,11,22,22,22,11,22,22,11,22,22,11,11,22,11,22,22,22,11,11,11,22,22,11,22,22,22,11,22,22,11,22,11,22,22,22,11,22,22,22,22,22,11,22,22,22,22,22,11,22,22,22,11,11,11,11,22,22,22,11,22,22,22,22,22,11,22,22,22,22,11,11,22,22,22,22,22,22,11,11,22,22,22,22,22,22,22,11,22,22,11,22,22,22,22,22,22,22,22,22,22,22,11,22,22,11,22,22,11,22,22,11,11,22,22,22,22,11,11,22,22,22,11,22,11,11,11,11,22,22,22,22,22,22,22,22,11,11,22,22,22,22,22,22,22,22,22,22,22,11,22,22,22,11,22,22,22,22,22,22,22,22,22,11,22,22,22,22,22,11,11,22,11,22,11,22,11,11,22,22,22,11,22,22,11,22,11,22,11,22,22,22,22
Progeny14,11,11,22,11,11,22,11,22,22,11,22,11,22,11,11,22,22,22,22,11,11,11,22,11,11,11,11,22,11,22,22,11,22,22,11,22,11,22,22,22,22,22,22,22,11,11,11,11,22,22,22,22,11,22,22,22,22,22,11,11,22,22,22,11,22,22,22,22,22,11,22,22,22,22,11,11,22,22,22,22,22,11,22,11,22,11,22,22,11,22,22,22,11,11,11,22,11,22,22,11,22,22,22,22,11,22,22,22,22,11,11,11,22,22,22,11,22,11,22,11,22,11,11,22,22,22,11,22,11,11,11,11,22,22,22,22,22,22,22,22,22,22,22,11,11,22,22,22,22,11,11,22,22,22,22,22,22,22,22,22,22,22,22,22,11,22,11,22,22,22,11,22,22,22,22,11,22,22,11,22,11,11,22,22,22,11,22,22,11,22,11,22,11,22,22,22,22
Progeny15,11,22,11,11,22,11,22,22,22,11,22,22,11,22,22,11,11,22,11,22,11,11,22,11,22,22,22,22,22,22,22,22,22,11,11,22,11,22,22,22,22,22,22,22,11,11,11,11,22,22,11,22,11,11,22,22,22,22,22,11,11,22,11,11,22,22,22,22,11,22,22,22,22,22,22,22,22,22,22,22,22,22,11,11,22,22,22,22,22,22,22,11,22,22,11,22,22,22,22,22,22,22,22,22,22,22,11,22,22,22,22,22,22,22,22,11,22,22,11,22,11,22,22,22,22,11,22,11,22,22,11,11,11,22,11,22,22,11,22,22,11,11,22,22,22,11,11,11,22,22,22,22,22,11,22,11,22,11,11,11,22,22,22,22,22,11,11,11,12,12,12,22,12,11,11,22,11,22,11,22,11,11,22,22,22,11,22,22,11,22,11,22,11,22,22,22,22
Progeny16,22,22,11,11,22,11,11,11,22,11,22,22,11,22,22,11,11,22,11,22,22,22,11,11,11,22,22,11,22,22,22,11,22,22,11,22,11,22,22,22,22,22,22,22,11,11,11,11,22,22,11,22,11,11,22,22,22,22,22,11,11,22,11,11,22,22,22,22,11,22,22,22,22,22,22,22,22,22,22,22,22,22,22,22,22,22,22,22,22,11,11,22,11,22,12,22,22,22,21,22,21,22,22,21,22,11,22,22,11,22,22,22,22,22,11,22,22,22,22,22,22,11,11,22,22,22,11,22,11,11,11,11,22,22,22,22,22,22,22,22,11,11,22,22,22,22,22,22,22,22,22,22,22,11,22,22,22,11,22,22,22,22,22,22,22,22,22,11,22,22,22,22,22,11,11,22,11,22,11,22,11,11,22,22,22,11,22,22,11,22,11,22,11,22,22,22,22
Progeny17,22,22,22,11,22,22,22,22,22,22,22,11,22,22,22,11,22,22,22,11,11,11,22,11,11,11,11,22,11,22,22,22,11,11,22,22,22,11,11,11,11,22,22,11,22,22,22,22,11,22,11,11,22,22,22,22,22,22,22,22,11,22,11,22,22,11,22,11,22,11,11,11,22,11,11,22,22,22,22,22,22,11,22,11,22,11,22,22,11,22,22,22,11,11,11,22,11,22,22,11,22,22,22,22,11,22,22,22,22,11,11,11,22,22,22,11,22,22,11,22,11,22,22,11,11,11,22,11,22,22,11,11,11,22,11,22,22,11,22,22,11,11,22,22,22,11,11,11,22,22,22,22,22,11,22,11,22,11,11,11,22,22,22,22,22,22,22,11,22,22,22,22,22,11,11,22,11,22,11,22,11,11,22,22,22,11,22,22,11,22,11,22,11,22,22,22,22
Progeny18,11,22,11,11,22,11,11,22,22,11,22,11,22,11,11,22,22,22,22,11,11,11,22,11,11,11,11,22,11,22,22,22,11,11,22,22,22,11,11,11,11,22,22,11,22,22,22,22,11,22,11,11,22,22,22,22,22,22,22,22,11,22,11,22,22,11,22,11,22,11,11,11,22,11,11,22,22,22,22,22,11,22,22,22,22,22,11,22,22,22,22,11,22,22,22,11,11,22,22,22,11,22,22,11,11,11,22,22,11,22,22,22,22,22,11,22,22,22,22,22,22,11,11,22,22,22,11,22,11,11,11,11,22,22,22,22,22,22,22,22,11,11,22,22,22,22,22,22,22,22,22,22,22,11,22,22,22,11,22,22,22,22,22,22,22,22,22,11,22,22,22,22,22,11,11,22,11,22,11,22,22,22,22,11,22,22,22,22,22,22,22,22,11,11,22,11,11
Progeny19,22,22,11,22,22,11,22,22,22,11,22,22,11,22,22,11,11,22,11,22,22,22,11,11,11,22,22,11,22,22,22,11,22,22,11,22,11,22,22,22,22,22,22,22,11,11,11,11,22,22,11,22,11,11,22,22,22,22,22,22,11,22,22,11,22,22,22,22,22,11,22,22,22,22,11,11,22,22,22,22,22,22,11,11,22,22,22,22,22,22,22,11,22,22,11,22,22,22,22,22,22,22,22,22,22,22,11,22,22,22,22,22,22,22,22,11,22,22,11,22,11,22,22,11,11,22,22,22,22,22,22,22,22,22,22,22,11,22,22,22,22,22,22,11,11,22,22,22,22,11,11,22,22,22,22,22,22,22,22,22,22,22,22,22,11,22,11,22,22,22,11,22,22,22,22,11,22,22,22,22,22,22,22,11,22,22,22,22,22,22,22,22,11,11,22,11,11
Progeny20,22,22,22,11,22,22,22,22,22,22,22,11,22,22,22,11,22,22,22,22,11,11,22,11,22,22,22,22,22,22,22,22,22,11,11,22,22,11,11,11,11,22,22,11,22,22,22,22,11,22,11,11,22,22,22,22,22,22,22,22,11,22,11,22,22,11,22,11,22,11,11,11,22,11,11,22,22,22,22,22,22,22,11,11,22,22,22,22,22,22,22,22,11,11,11,22,11,22,22,11,22,22,22,22,11,22,22,22,22,11,11,11,22,22,22,11,22,22,22,22,22,11,11,22,22,22,11,22,11,11,11,11,22,22,22,22,22,22,22,22,11,11,22,22,22,22,22,22,22,22,22,22,22,11,22,22,22,11,22,22,22,22,22,22,22,22,22,11,22,22,22,22,22,11,11,22,11,22,11,22,11,11,22,22,22,11,11,22,22,22,11,11,22,22,11,11,11
Progeny21,11,22,11,11,22,11,11,11,22,11,11,11,22,22,11,22,22,22,22,22,11,22,22,22,22,11,11,22,22,22,11,11,22,22,11,22,22,22,11,22,11,11,11,11,22,11,22,22,11,22,11,11,22,11,11,22,22,22,22,22,11,22,22,22,22,11,11,22,22,11,11,11,22,22,11,11,22,22,22,22,22,22,11,11,22,22,22,22,22,22,22,11,22,22,11,22,22,22,22,22,22,22,22,22,22,22,11,22,22,22,22,22,22,22,22,11,22,22,22,22,22,11,11,22,22,22,11,22,11,11,11,11,22,22,22,22,22,22,22,22,11,11,22,22,22,22,22,22,22,22,22,22,22,11,22,22,22,22,22,22,22,22,22,22,11,22,11,22,22,22,22,11,22,22,22,11,22,22,11,11,22,22,11,22,11,22,11,11,22,11,11,11,22,11,11,22,11
Progeny22,11,11,22,11,11,22,11,22,22,11,22,11,22,11,11,22,22,22,22,11,11,11,22,11,11,11,11,22,11,22,22,22,11,11,22,22,22,11,11,11,11,22,22,11,22,22,22,22,11,22,11,11,22,22,22,22,22,22,22,22,11,22,11,22,22,11,11,22,22,11,11,11,22,22,22,22,11,22,11,11,22,22,22,22,22,22,22,22,22,22,22,11,11,22,22,22,22,22,11,22,11,22,22,11,11,11,22,22,11,22,22,22,22,22,11,22,22,11,22,11,22,22,22,22,22,11,22,11,22,22,11,11,11,22,11,22,22,11,22,22,11,11,22,22,22,11,11,11,22,22,22,22,22,11,22,12,22,11,12,22,22,22,22,22,22,22,22,11,22,22,22,22,22,11,11,22,11,22,11,22,11,11,22,22,22,11,22,22,11,22,11,22,11,22,11,11,11
Progeny23,22,22,22,11,22,22,22,22,22,22,22,11,22,22,22,11,22,22,22,22,11,11,22,11,22,22,22,22,22,22,22,22,22,11,11,22,22,22,22,22,11,22,22,11,22,22,22,22,11,22,11,11,22,22,22,22,22,22,22,22,11,22,11,22,22,11,22,11,22,11,11,11,22,11,11,22,22,22,22,22,22,11,22,11,22,11,22,22,11,22,22,22,11,11,11,22,11,22,22,11,22,22,22,22,11,22,22,22,22,11,11,11,22,22,22,11,22,22,22,22,22,11,22,22,22,22,11,22,11,11,11,11,22,22,22,22,22,22,22,22,11,11,22,22,22,11,11,11,22,22,22,22,22,11,22,11,22,11,11,11,22,22,22,22,22,11,11,11,11,11,11,22,11,11,11,22,22,22,22,22,22,22,11,11,11,22,11,11,22,11,11,11,22,11,11,22,11
Progeny24,11,11,22,11,22,11,11,11,22,11,11,11,22,22,11,22,22,22,22,22,11,22,22,22,22,11,11,22,22,22,11,11,22,22,22,22,22,11,11,11,11,22,22,11,22,22,22,22,11,22,11,11,22,22,22,22,22,22,22,22,11,22,11,22,22,11,22,11,22,11,11,11,22,11,11,22,22,22,22,22,22,11,22,11,22,11,22,22,11,22,22,22,11,11,11,22,11,22,22,11,22,22,22,22,11,22,22,22,22,11,11,11,22,22,22,11,22,22,22,22,22,11,11,22,22,22,11,22,11,11,11,11,22,22,22,22,22,22,22,22,11,11,22,22,22,22,22,22,22,22,22,22,22,11,22,22,22,11,22,22,22,22,22,22,22,22,22,11,22,22,22,22,22,11,11,22,11,22,11,22,11,11,22,22,22,11,22,22,11,22,11,22,11,22,22,22,22
Progeny25,11,11,22,11,11,22,11,22,22,11,22,11,22,11,11,22,22,22,22,11,11,11,22,11,11,11,11,22,11,22,22,22,11,11,22,22,22,11,11,11,11,22,22,11,22,22,22,22,11,22,11,11,22,22,22,22,22,22,22,22,11,22,11,22,22,11,22,11,22,11,11,11,22,11,11,22,22,22,22,22,22,11,22,11,22,11,22,22,11,22,22,22,11,11,11,22,11,22,22,11,22,22,22,22,11,22,11,22,22,22,22,22,22,22,22,11,22,22,11,22,22,11,22,22,22,22,22,22,22,22,22,22,22,22,22,22,11,22,22,22,22,22,22,11,12,22,22,22,22,11,11,22,22,22,22,22,22,22,22,22,22,22,22,22,11,22,11,11,11,22,22,11,22,22,22,11,22,22,22,22,22,22,22,11,22,22,22,22,22,22,22,22,11,11,22,11,11
Progeny26,22,22,11,22,22,11,22,22,22,11,22,22,11,22,22,11,11,22,11,22,22,22,11,11,11,22,22,11,22,22,22,11,22,22,11,22,11,22,22,22,22,22,22,22,11,11,11,11,22,22,11,22,11,11,22,22,22,22,22,11,11,22,11,22,22,11,22,11,22,11,11,11,22,11,11,22,22,22,22,22,22,11,22,11,22,11,22,22,11,22,22,22,11,11,11,22,11,22,22,11,22,22,22,22,11,22,22,22,22,11,11,11,22,22,22,11,22,22,11,22,22,11,22,22,22,22,22,22,22,22,22,22,22,22,22,22,22,22,11,11,22,22,22,11,22,22,22,22,22,22,22,11,11,22,22,22,11,11,22,22,11,22,22,11,22,11,22,11,11,22,22,11,22,22,22,11,22,22,11,11,22,22,11,22,11,22,11,11,22,11,11,11,22,11,11,22,11
Progeny27,11,22,11,11,12,22,11,22,22,11,22,11,22,11,11,22,22,22,22,11,11,11,22,11,11,22,22,11,22,22,22,11,22,22,11,22,11,22,22,22,12,12,12,12,21,11,21,21,12,22,11,12,21,11,12,22,22,22,22,21,11,22,22,22,22,11,11,22,22,11,11,11,22,22,22,22,11,22,11,11,22,22,22,22,22,22,22,22,22,11,11,22,11,22,22,22,22,22,22,22,22,22,11,22,22,22,22,22,22,11,22,22,11,22,22,11,11,22,11,22,11,22,22,11,11,22,22,22,21,21,21,21,22,22,22,22,12,22,22,22,21,21,22,12,12,22,22,22,22,22,22,22,22,11,22,22,22,11,22,22,22,22,22,22,22,22,22,11,22,22,22,22,22,11,11,22,11,22,11,22,11,11,22,22,22,11,22,22,11,22,11,22,11,22,22,22,22
Progeny28,11,22,22,11,22,22,22,22,22,22,22,11,22,22,22,11,22,22,22,22,11,11,22,11,22,22,22,22,22,22,22,22,22,11,11,22,22,22,22,22,11,22,22,22,22,22,11,22,11,22,11,11,22,22,22,22,22,22,22,22,11,22,11,22,22,11,22,11,22,11,11,11,22,11,11,22,22,22,22,22,22,11,22,11,22,11,22,22,11,22,22,22,11,22,11,22,22,22,22,22,22,22,22,22,22,22,11,22,22,22,22,22,22,22,22,11,22,22,11,22,22,11,22,22,22,22,22,22,22,22,22,22,22,22,22,22,22,22,11,11,22,22,22,11,22,22,22,22,22,22,22,11,11,22,22,22,11,11,22,22,11,22,22,11,22,11,22,11,11,22,22,11,22,22,22,11,22,22,11,11,22,22,11,22,11,22,11,11,22,11,11,11,22,11,11,22,11
Progeny29,22,22,22,11,22,22,22,22,22,22,22,11,22,22,22,11,22,22,22,22,11,11,22,11,22,22,22,22,22,22,22,22,22,11,11,22,22,22,22,22,11,22,22,22,22,22,11,22,22,22,11,11,22,22,22,22,22,22,22,22,11,22,11,22,22,11,22,11,22,11,11,11,22,11,11,22,22,22,22,22,22,11,22,11,22,11,22,22,11,22,22,22,11,11,11,22,11,22,22,11,22,22,22,22,11,22,22,22,22,11,11,11,22,22,22,11,22,22,12,21,22,12,22,22,22,21,22,11,22,22,11,11,11,22,11,22,22,11,22,22,11,11,22,22,22,11,11,11,22,22,22,22,22,11,22,11,22,11,11,11,22,22,22,22,22,11,11,11,11,11,11,22,11,11,11,22,22,22,22,22,22,22,11,11,22,22,11,22,22,22,11,11,22,22,11,11,11
Progeny30,22,22,11,22,22,11,22,22,22,11,22,22,11,22,22,11,11,22,11,22,22,22,11,11,11,22,22,11,22,22,22,11,22,22,11,22,22,22,22,22,11,22,22,22,22,22,11,22,22,22,21,22,11,21,22,22,11,11,11,11,22,22,11,22,22,11,22,11,22,11,11,11,22,11,11,22,22,22,22,22,22,11,22,11,22,11,22,22,11,22,22,11,22,22,11,22,22,22,22,22,22,22,11,22,22,22,22,22,22,11,22,22,11,22,22,11,11,22,11,22,11,22,22,11,11,22,22,22,22,22,22,22,22,22,22,22,11,22,22,22,22,22,22,11,11,22,22,22,22,11,11,22,22,22,22,22,22,22,22,22,22,22,22,22,11,22,11,22,22,22,11,22,22,22,22,11,22,22,22,22,22,22,22,11,22,22,22,22,22,22,22,22,11,11,22,11,11
Progeny31,11,11,22,11,11,22,11,22,22,11,22,11,22,11,11,22,22,22,22,11,11,22,22,22,22,11,11,22,22,22,11,11,22,22,22,22,22,11,11,11,11,22,22,22,11,11,11,11,22,22,11,22,11,11,22,22,22,22,22,11,11,22,11,11,22,22,22,22,11,22,22,22,22,22,22,22,22,22,11,22,11,22,22,22,22,22,11,22,22,22,22,11,22,22,11,22,22,22,22,22,22,22,22,22,22,22,11,22,22,22,22,22,22,22,22,11,22,22,22,22,22,11,11,22,22,22,11,22,11,11,11,11,22,22,22,22,22,22,22,22,22,22,22,11,22,22,22,22,22,22,22,11,11,22,22,22,11,11,22,11,22,22,22,22,22,11,11,11,11,11,11,22,11,11,11,22,22,22,22,11,22,22,11,22,11,22,11,11,22,11,11,11,22,11,11,22,11
Progeny32,22,22,22,11,22,22,22,22,22,22,22,11,22,22,22,11,22,22,22,22,11,11,22,11,22,22,11,22,22,22,11,11,22,22,11,22,22,22,11,22,11,11,11,11,22,11,22,22,11,22,11,11,22,11,11,22,22,22,22,22,11,22,22,22,22,11,11,22,22,11,11,11,22,22,22,22,11,22,11,11,22,22,22,22,22,22,22,22,22,11,11,22,11,22,22,22,22,22,11,22,11,22,22,11,11,11,22,22,11,22,22,22,22,22,11,22,22,22,11,22,22,11,22,22,22,22,22,22,22,22,22,22,22,22,22,22,11,22,22,22,22,22,22,11,11,22,22,22,22,11,11,22,22,22,22,22,22,22,22,22,22,22,22,22,11,22,11,22,22,22,11,22,22,22,22,11,22,22,22,22,22,22,22,11,22,22,22,22,22,22,22,22,11,11,22,11,11
Progeny33,11,11,22,11,11,22,11,22,22,11,22,11,22,11,11,22,22,22,22,11,11,11,22,11,11,11,11,22,11,22,22,22,11,11,22,22,22,11,11,11,11,22,11,11,22,11,22,22,11,22,11,11,22,11,11,22,22,22,22,11,11,22,11,11,22,22,22,22,11,22,22,22,22,22,22,22,22,22,11,22,11,22,22,22,22,22,11,22,22,22,22,11,22,22,22,11,11,22,22,22,22,22,11,22,22,22,22,22,22,11,22,22,11,22,22,11,11,22,11,22,22,11,22,22,22,22,22,22,22,22,22,22,22,22,11,22,22,11,22,22,11,11,22,22,22,11,11,11,22,22,22,22,22,11,22,11,22,11,11,11,22,22,22,22,22,11,11,11,11,11,11,22,11,11,11,22,22,22,22,22,22,22,11,11,22,22,11,22,22,22,11,11,22,22,11,11,11
Progeny34,22,22,22,11,22,22,22,22,22,22,22,11,22,22,22,11,22,22,22,22,11,11,22,11,22,11,11,22,22,22,11,11,22,22,11,22,22,22,11,22,11,11,11,11,22,11,22,22,11,22,11,11,22,11,11,22,11,11,11,11,22,22,22,11,22,22,22,22,22,11,22,22,22,22,11,11,22,22,22,22,22,22,11,11,22,22,22,22,22,22,22,11,22,22,11,22,22,22,22,11,22,22,22,22,11,22,22,22,22,11,11,11,22,22,22,11,22,22,11,22,11,22,22,11,11,22,22,22,22,22,22,22,22,22,22,22,11,22,22,22,22,22,22,11,11,22,22,22,22,11,11,22,22,22,22,22,22,22,22,22,22,22,22,22,11,22,11,22,22,22,11,22,22,22,22,11,22,22,22,22,22,22,22,11,22,22,22,22,22,22,22,22,11,11,22,11,11
Progeny35,11,11,22,11,11,22,11,22,22,11,22,11,22,11,11,22,22,22,22,11,11,11,22,11,11,11,11,22,11,22,22,22,11,11,22,22,22,11,11,11,11,22,22,11,22,22,22,22,11,22,11,11,22,22,22,22,22,22,22,22,11,22,11,22,22,11,22,11,22,11,11,11,22,11,11,22,22,22,22,22,22,11,22,11,22,11,22,22,11,22,22,22,11,11,11,22,11,22,22,11,22,22,22,22,11,22,22,22,22,11,11,11,22,22,22,11,22,11,22,11,22,22,22,22,22,11,22,11,22,22,11,11,11,22,11,22,22,11,22,22,11,11,22,22,22,11,11,11,22,22,22,22,22,11,22,11,22,11,11,11,22,22,22,22,22,11,11,11,11,11,11,22,11,11,11,22,22,22,22,22,22,22,11,11,22,22,11,22,22,22,11,11,22,22,11,11,11
Progeny36,11,11,22,11,11,22,11,22,22,11,22,11,22,11,11,22,22,22,22,11,11,11,22,11,11,11,11,22,11,22,22,22,11,11,22,22,22,11,11,11,11,22,22,11,22,22,22,22,11,22,11,11,22,22,22,22,22,22,22,22,11,22,11,22,22,11,22,11,22,11,11,11,22,11,11,22,22,22,22,22,12,21,22,22,22,22,11,22,22,22,22,11,22,22,22,22,22,22,11,22,11,22,22,11,11,11,22,22,11,22,22,22,11,22,22,11,11,22,11,22,22,11,22,22,22,22,11,22,11,11,11,11,22,22,22,22,22,22,22,22,11,11,22,22,22,22,22,22,22,22,22,22,22,11,22,22,22,11,22,22,22,22,22,22,22,22,22,11,22,22,22,22,22,11,11,22,11,22,11,22,11,11,22,22,22,11,11,22,22,22,11,11,22,22,11,11,11
Progeny37,22,22,22,11,22,22,22,22,22,22,22,11,22,22,22,11,22,22,22,22,11,11,22,11,22,22,22,22,22,22,22,22,22,11,11,22,22,22,22,22,11,22,22,11,22,22,22,22,11,22,11,11,22,22,22,22,22,22,22,22,11,22,11,22,22,11,22,11,22,11,11,11,22,11,11,22,22,22,22,22,22,11,22,11,22,11,22,22,11,22,22,22,11,11,11,22,11,22,22,11,22,22,22,22,11,22,12,22,22,21,22,22,21,22,22,11,21,22,11,22,22,11,22,22,22,22,22,22,22,22,22,22,22,22,22,22,22,22,11,11,22,22,22,11,22,22,22,22,22,22,22,11,11,22,22,22,11,11,22,22,11,22,22,11,11,22,11,22,22,22,11,22,22,22,22,11,22,22,22,22,22,22,22,11,22,22,22,22,22,22,22,22,11,11,22,11,11
Progeny38,21,22,11,21,22,11,21,21,22,11,22,22,11,22,22,11,11,22,11,22,22,22,11,11,11,22,22,11,22,22,22,11,22,22,11,22,11,22,22,22,22,22,22,22,11,11,11,11,22,22,11,22,11,11,22,22,22,22,22,11,11,22,11,11,22,22,22,22,11,22,22,22,22,22,22,22,22,22,11,22,11,22,22,22,22,22,11,22,22,22,22,11,22,22,11,22,22,22,22,22,22,22,22,22,12,22,21,22,22,12,12,12,22,22,22,11,22,22,22,22,22,11,11,22,22,22,22,22,22,22,22,22,22,22,22,22,22,22,11,11,22,22,22,11,22,22,22,22,22,22,22,11,11,22,22,22,11,11,22,22,22,22,22,22,22,22,22,11,22,22,22,22,22,11,11,22,11,22,11,22,11,11,22,22,22,11,22,22,11,22,11,22,11,22,22,22,22
Progeny39,11,11,22,11,11,22,11,22,22,11,22,11,22,11,11,11,22,22,22,22,11,11,22,11,22,22,22,22,22,22,22,22,22,11,11,22,22,22,22,22,22,22,22,22,11,11,11,11,22,22,11,22,11,11,22,22,22,22,22,22,11,22,22,22,22,11,11,22,22,11,11,11,22,22,22,22,11,22,22,22,22,22,11,11,22,22,22,22,22,22,22,11,22,22,11,22,22,22,22,22,22,22,22,22,22,22,11,22,22,22,22,22,22,22,22,11,22,22,22,22,22,11,11,22,22,22,11,22,11,11,11,11,22,22,22,22,22,22,11,11,22,22,22,11,22,22,22,22,22,22,22,11,11,22,22,22,11,11,22,22,11,22,22,11,22,11,22,11,11,22,22,11,22,22,22,11,22,22,11,11,22,22,11,22,11,22,11,11,22,11,11,22,11,11,22,11,11
Progeny40,11,22,11,11,22,11,11,11,22,11,11,11,22,22,11,22,22,22,22,22,11,22,22,22,22,11,11,22,22,22,11,11,22,22,11,22,22,22,11,22,11,11,11,11,22,11,22,22,11,22,11,11,22,11,11,22,22,22,22,22,11,22,22,22,22,11,11,22,22,11,11,11,22,22,22,22,11,22,11,11,22,22,22,22,22,22,22,22,22,11,11,22,11,22,22,22,22,22,11,22,11,22,22,11,11,11,22,22,11,22,22,22,22,22,11,22,22,22,22,22,22,11,11,22,22,22,11,22,11,11,11,11,12,22,12,22,22,22,22,22,11,11,22,22,22,22,22,22,22,22,22,22,22,11,22,22,22,11,22,22,22,22,22,22,22,22,22,11,22,22,22,22,22,11,11,22,11,22,11,22,11,11,22,22,22,11,22,22,11,22,11,11,22,22,11,11,11
Progeny41,11,22,11,11,22,11,22,22,22,11,22,22,11,22,11,22,22,22,22,11,11,11,22,11,11,11,11,22,11,22,22,22,11,11,11,22,11,22,22,22,22,22,22,22,11,11,11,11,22,22,11,22,11,11,22,22,22,22,22,11,11,22,11,11,22,22,22,22,11,22,22,22,22,22,22,22,22,22,11,22,11,22,22,22,22,22,11,22,22,22,22,11,22,22,22,11,11,22,22,22,22,22,22,22,22,22,11,22,22,22,22,22,22,22,22,11,22,22,11,22,11,22,22,11,11,22,22,22,22,22,22,22,11,22,11,22,22,11,22,22,11,11,22,22,22,11,11,11,22,22,11,22,22,22,22,22,22,22,22,22,22,22,22,22,11,22,11,22,22,22,11,22,22,22,22,11,22,22,22,22,22,22,22,11,22,22,22,22,22,22,22,22,11,11,22,11,11
Progeny42,11,11,22,11,11,22,11,22,22,11,22,11,22,11,11,22,22,22,22,11,11,11,22,11,11,11,11,22,11,22,22,22,11,11,22,22,22,11,11,11,11,22,11,11,22,11,22,22,11,22,11,11,22,11,11,22,22,22,22,22,11,22,22,22,22,11,11,22,22,11,11,11,22,22,22,22,11,22,11,11,22,22,22,22,22,22,22,22,11,22,22,22,11,11,11,22,11,22,22,11,22,22,22,11,11,11,22,22,11,22,22,22,22,22,11,22,22,22,11,22,11,22,22,11,11,22,22,22,22,11,11,11,22,22,22,22,22,22,22,22,11,11,22,11,11,22,22,22,22,11,11,22,22,22,22,22,22,22,22,22,22,22,22,22,11,22,11,22,22,22,11,22,22,22,22,11,22,22,22,22,22,22,22,11,22,22,22,22,22,22,22,22,11,11,22,11,11
Progeny43,11,22,11,11,22,11,11,11,22,11,11,11,22,22,11,22,22,22,22,22,11,22,22,11,11,11,11,22,11,22,22,22,11,11,22,22,22,11,11,11,11,22,22,11,22,11,11,11,22,22,11,22,11,11,22,22,22,22,22,11,11,22,22,11,22,22,22,22,22,11,22,22,22,22,11,11,22,22,22,22,22,22,11,11,22,22,22,22,22,22,22,11,22,22,11,22,22,22,22,22,22,22,22,22,22,22,11,22,22,22,22,22,22,22,22,11,22,22,11,22,22,11,22,22,22,22,22,22,22,22,22,22,22,22,22,22,22,22,11,11,22,22,22,11,22,22,22,22,22,22,22,11,11,22,22,22,11,11,22,22,11,22,22,11,22,11,22,11,11,22,22,11,22,22,22,11,22,22,11,11,22,22,11,22,11,22,11,11,22,11,11,11,22,11,11,22,11
Progeny44,11,22,11,11,22,11,11,11,22,11,11,11,11,22,22,11,22,22,22,22,11,12,22,12,22,21,21,22,22,22,21,21,22,12,11,22,22,22,11,22,11,11,11,11,22,11,22,22,11,22,11,11,22,11,22,22,22,22,22,11,11,22,22,22,22,11,11,22,22,11,11,11,22,22,22,22,11,22,11,11,22,22,11,11,22,22,22,22,22,22,22,11,22,22,11,22,22,22,22,22,22,22,22,22,22,22,11,22,22,22,22,22,22,22,22,11,22,11,22,11,22,22,22,22,22,11,22,11,22,22,11,11,11,22,11,22,22,11,22,22,11,11,22,22,22,11,11,11,22,22,22,22,22,11,22,11,22,11,11,11,22,22,22,22,22,11,11,11,11,11,11,22,11,11,11,22,22,22,22,22,22,22,11,11,22,22,11,22,22,22,11,11,22,22,11,11,11
Progeny45,11,22,11,11,22,11,11,11,22,11,11,11,22,22,11,22,22,22,22,22,11,22,22,22,22,11,11,22,22,22,11,11,22,22,11,22,22,22,11,22,11,11,11,11,22,11,22,22,11,22,11,11,22,11,11,22,22,22,22,22,11,22,22,22,22,11,11,22,22,11,11,11,22,22,22,22,11,22,11,11,22,22,22,22,22,22,22,22,22,11,11,22,11,22,22,22,22,22,11,22,11,22,22,11,11,11,22,22,11,22,22,22,22,22,11,11,11,22,11,22,22,11,22,22,22,22,22,22,22,22,22,22,22,22,22,22,22,22,11,11,22,22,22,11,22,22,22,22,22,22,22,11,11,22,22,22,11,11,22,22,11,22,22,11,22,11,22,11,11,22,22,11,22,22,22,11,22,22,11,11,22,22,11,22,11,22,11,11,22,11,11,11,22,11,11,22,11
Progeny46,22,22,22,11,22,22,22,22,22,22,22,11,22,22,22,11,22,22,22,22,11,11,22,11,22,22,22,22,22,22,22,22,22,11,11,22,22,22,22,22,11,22,22,22,22,22,11,22,22,22,22,22,11,22,22,22,11,11,11,11,22,22,22,11,22,22,22,22,22,11,22,22,22,22,11,11,22,22,22,22,22,22,22,22,22,22,22,22,22,22,22,11,22,22,11,22,22,22,22,22,22,22,22,22,22,22,11,22,22,22,22,22,22,22,11,22,22,22,11,22,22,11,22,22,22,22,22,22,22,22,22,22,22,22,22,22,22,22,11,11,22,22,22,11,22,22,22,22,22,22,22,11,11,22,22,22,11,11,22,22,11,22,22,11,22,11,22,11,11,22,22,11,22,22,22,11,22,22,22,22,22,22,22,11,22,22,22,22,22,22,22,22,11,11,22,11,11
Progeny47,22,22,11,22,22,11,22,22,22,11,22,22,11,22,22,11,11,22,11,22,22,22,11,11,11,22,22,11,22,22,22,11,22,22,11,22,11,22,22,22,22,22,22,22,11,11,11,11,22,22,11,22,11,11,22,22,11,11,11,11,22,22,22,11,22,22,22,22,22,11,22,22,22,22,22,22,22,22,11,22,11,22,22,22,22,22,11,22,22,22,22,11,22,22,11,22,22,22,22,22,22,22,22,22,22,22,11,22,22,22,22,22,22,22,22,11,22,22,11,22,22,11,22,22,22,22,22,22,22,22,22,22,22,22,22,22,22,22,11,11,22,22,22,11,22,22,22,22,22,22,22,11,11,22,22,22,22,22,22,22,22,22,22,22,11,22,11,11,11,21,21,12,21,21,21,12,22,22,12,12,22,22,11,21,12,22,11,12,22,22,11,11,22,22,11,11,11
Progeny48,11,22,11,11,22,11,11,11,22,11,11,11,22,22,11,22,22,22,22,22,11,22,22,11,11,11,11,22,11,22,22,22,11,11,22,22,22,11,11,11,11,22,22,11,22,22,22,22,11,22,11,11,22,22,22,22,22,22,22,11,11,22,11,11,22,22,22,22,11,22,22,22,22,22,22,22,22,22,11,22,11,22,22,22,22,22,11,22,22,22,22,11,22,22,22,11,11,22,22,22,22,22,11,22,22,22,22,22,22,11,22,22,11,22,22,11,11,22,11,11,22,11,11,22,22,22,11,22,11,11,11,11,22,22,22,22,11,22,22,22,22,22,22,11,11,22,22,22,22,11,11,22,22,22,22,22,22,22,22,22,22,22,22,22,11,22,11,22,22,22,11,22,22,22,22,11,22,22,22,22,22,22,22,11,22,22,22,22,22,22,22,22,11,11,22,11,11
Progeny49,22,22,11,22,22,11,22,22,22,11,22,22,11,22,22,11,11,22,11,22,22,22,11,11,11,22,22,11,22,22,22,11,22,22,11,22,11,22,22,22,22,22,22,22,11,11,11,11,22,22,11,22,11,11,22,22,22,22,22,11,11,22,11,11,22,22,22,22,11,22,22,22,22,22,22,22,22,22,11,22,11,22,22,22,22,22,11,22,22,22,22,22,11,11,11,22,11,22,22,11,22,22,22,22,11,22,22,22,22,11,22,22,11,22,22,11,11,22,11,22,11,22,22,22,22,22,11,22,11,11,11,11,22,22,22,22,11,22,22,22,22,22,22,11,11,22,22,22,22,11,11,22,22,22,22,22,22,22,22,22,22,22,22,22,11,22,11,22,22,22,11,22,22,22,22,11,22,22,22,22,22,22,22,11,22,22,22,22,22,22,22,22,11,11,22,11,11
Progeny50,22,22,22,11,22,22,22,22,22,22,22,11,22,22,22,11,22,22,22,22,11,11,22,11,22,22,22,22,22,22,22,22,22,11,11,22,22,22,22,22,11,22,22,22,22,22,11,22,22,22,22,22,11,22,22,22,11,11,11,11,22,22,22,11,22,22,22,22,22,11,22,22,22,22,11,11,22,22,22,22,22,22,11,11,22,22,22,22,22,22,22,11,22,22,11,22,22,22,22,22,22,22,22,22,22,22,11,22,22,22,22,22,22,22,22,11,22,22,11,22,11,22,22,11,11,11,22,11,22,22,11,11,11,22,11,22,22,11,22,22,11,11,22,22,22,21,22,22,22,11,11,22,22,22,22,22,22,22,22,22,22,22,22,22,11,22,11,22,22,22,11,22,22,22,22,11,22,22,22,22,22,22,22,11,22,22,11,22,22,22,11,11,22,22,11,11,11
Progeny51,11,11,22,11,11,22,11,22,22,11,22,11,22,22,11,22,22,22,22,22,11,22,22,22,22,11,11,22,22,22,11,22,11,11,22,22,22,11,11,11,11,22,22,11,22,22,22,22,11,22,11,11,22,11,11,22,22,22,22,22,11,22,22,22,22,11,11,22,22,11,11,11,22,22,22,22,11,22,11,11,22,22,22,22,22,22,22,22,22,11,11,22,11,22,22,22,22,22,22,11,22,22,22,22,11,22,22,22,22,11,11,11,22,22,11,22,22,11,22,11,22,22,22,22,22,11,22,11,22,22,11,11,11,22,11,22,22,11,22,22,11,11,22,22,22,11,11,11,22,22,22,22,22,11,22,11,22,11,11,11,22,22,22,22,22,11,11,11,11,11,11,22,11,11,11,22,22,22,22,22,22,22,11,11,22,22,11,22,22,22,11,11,22,22,11,11,11
Progeny52,22,22,22,11,22,22,22,22,22,22,22,11,22,22,22,11,22,22,22,22,11,11,22,11,22,22,22,22,22,22,22,22,22,11,11,22,22,22,22,22,22,22,22,22,11,11,11,11,22,22,11,22,11,11,22,22,22,22,22,11,11,22,11,11,22,22,22,22,11,22,22,22,22,22,22,22,22,22,11,22,11,22,22,22,22,22,11,22,22,12,12,21,12,22,22,21,21,22,12,22,12,22,11,22,22,22,22,22,22,11,22,22,11,22,22,11,11,11,22,11,22,11,22,22,22,22,22,22,22,22,22,22,22,22,22,22,22,22,11,11,22,22,22,11,22,22,22,22,22,22,22,11,11,22,22,22,11,11,11,11,22,22,22,22,22,11,11,11,11,11,22,11,22,22,22,11,22,22,11,11,22,22,11,22,11,22,11,11,22,11,11,11,22,11,11,22,11
Progeny53,22,22,22,11,11,22,22,22,22,22,22,11,22,22,22,11,22,22,22,22,11,11,22,11,22,22,22,22,22,22,22,22,22,11,11,22,22,22,22,22,11,22,22,22,22,22,11,22,22,22,22,22,11,22,22,22,11,11,11,11,11,22,11,22,22,11,22,11,22,11,11,11,22,11,11,22,22,22,22,22,22,11,22,11,22,11,22,22,11,22,22,22,11,11,11,22,11,22,22,11,22,22,22,22,11,22,22,22,22,11,11,11,22,22,22,11,22,22,11,22,11,22,22,11,11,22,11,22,11,22,11,11,11,22,11,22,22,22,22,22,22,22,22,11,11,22,22,22,22,11,11,22,22,22,22,22,22,22,22,22,22,22,22,22,11,22,11,22,22,22,11,22,22,22,22,11,22,22,22,22,22,22,22,11,22,22,11,22,22,22,11,11,22,22,11,11,11
Progeny54,11,11,22,11,11,22,11,22,22,11,22,11,22,11,11,22,22,22,22,11,11,11,22,11,11,11,11,22,11,22,22,22,11,11,22,22,22,11,11,11,11,22,22,11,22,22,22,22,11,22,11,11,22,22,22,22,22,22,22,22,11,22,11,22,22,11,22,11,22,11,11,11,22,11,11,22,22,22,22,22,22,22,11,11,22,22,22,22,22,22,22,11,22,22,11,22,22,22,22,22,22,22,22,22,22,22,11,22,22,22,22,22,22,22,22,11,22,22,11,22,12,21,22,11,11,22,22,22,22,22,22,22,22,22,22,22,22,22,11,11,22,22,22,11,22,22,22,22,22,22,22,11,11,22,22,22,11,11,22,22,11,22,22,11,22,11,22,11,11,22,22,11,22,22,22,11,22,22,11,11,22,22,11,22,11,22,11,11,22,11,12,12,21,11,12,21,11
Progeny55,22,22,11,22,22,11,22,22,22,11,22,22,11,22,22,11,11,22,11,22,22,22,11,11,22,22,22,11,22,22,22,11,22,22,11,22,11,22,22,22,22,22,22,22,11,11,11,11,22,22,11,22,11,11,22,22,11,22,22,11,11,22,11,11,22,22,22,22,11,22,22,22,22,22,22,22,22,22,11,22,11,22,22,22,22,22,11,22,22,22,22,11,22,22,22,11,11,22,22,22,22,22,11,22,22,22,22,22,22,11,22,22,11,22,22,11,11,22,22,21,22,12,12,22,22,11,11,22,11,11,11,11,22,22,22,22,22,22,22,22,11,11,22,22,22,22,22,22,22,22,22,22,22,22,22,22,11,11,22,22,11,22,22,11,22,11,22,11,11,22,22,11,22,22,22,11,22,22,11,11,22,22,11,22,11,22,11,11,22,11,11,11,22,11,11,22,11
Progeny56,22,22,11,22,22,11,22,22,22,11,22,22,11,22,22,11,11,22,11,22,22,22,11,11,11,22,22,11,22,22,22,11,22,22,11,22,11,22,22,22,22,22,22,22,11,11,11,11,22,22,11,22,11,11,22,22,22,22,22,11,11,22,11,11,22,22,22,22,11,11,11,11,22,22,22,22,11,22,11,11,22,22,22,22,22,22,22,22,22,11,11,22,11,11,11,22,11,22,22,11,22,22,22,22,11,22,22,22,22,11,11,11,22,22,22,11,22,22,11,22,11,22,22,11,11,22,22,22,22,22,22,22,22,22,22,22,11,22,22,22,22,22,22,11,11,22,22,22,22,11,11,22,22,22,22,22,22,22,22,22,22,22,22,22,11,22,11,22,22,22,11,22,22,22,22,11,22,22,22,22,22,22,11,11,22,22,11,22,22,22,11,11,22,22,11,11,11
Progeny57,11,11,22,11,11,22,11,22,22,11,22,11,22,11,11,22,22,22,22,21,11,11,22,11,11,11,11,22,11,22,22,22,11,11,22,22,22,22,22,22,11,22,22,22,22,22,11,22,22,22,22,22,11,22,22,22,22,22,22,22,11,22,11,11,22,22,22,22,11,22,22,22,22,22,22,22,22,22,11,22,11,22,22,22,22,22,11,22,22,22,22,11,22,22,22,11,11,22,22,22,22,22,11,22,22,22,22,22,22,11,22,22,11,22,22,11,11,22,11,22,22,11,22,22,22,22,22,11,22,22,11,11,11,22,11,22,22,11,22,22,11,11,22,22,22,11,11,11,22,22,22,22,22,11,22,11,22,11,11,11,22,22,22,22,22,11,11,11,22,22,22,22,22,11,11,22,11,22,11,22,11,11,22,22,22,22,11,22,22,22,11,11,22,22,11,11,11
Progeny58,11,22,11,11,22,11,11,11,22,11,11,11,22,22,11,22,22,22,22,22,11,22,22,22,22,11,11,22,22,22,22,22,22,11,11,22,22,22,22,22,11,22,22,22,22,22,11,22,22,22,22,22,11,22,22,22,11,11,11,11,22,22,22,11,22,22,22,22,22,11,22,22,22,22,11,11,22,22,22,22,22,22,11,11,22,22,22,22,22,22,22,11,22,22,11,22,22,22,22,22,22,22,22,22,22,22,11,22,22,22,22,22,22,22,22,11,22,22,11,22,11,22,22,11,11,22,22,22,22,12,12,12,22,22,22,22,21,22,22,22,12,12,22,21,21,22,22,22,22,21,21,22,22,12,22,22,21,11,22,22,11,22,22,11,22,11,22,11,11,22,22,11,22,22,22,11,22,22,11,11,22,22,11,22,11,22,11,11,22,11,11,11,22,11,11,22,11
Progeny59,22,22,22,11,22,22,11,22,22,11,22,11,22,11,11,22,11,22,11,22,22,22,11,11,11,22,11,22,22,22,11,11,22,22,11,22,22,22,11,22,11,11,11,11,22,11,22,22,11,22,11,11,22,11,11,22,22,22,22,22,11,22,11,11,22,22,22,22,11,22,22,22,22,22,22,22,22,22,11,22,11,22,22,22,22,22,11,22,22,22,22,11,22,22,22,11,11,22,22,22,22,22,11,22,22,22,22,22,22,11,22,22,11,22,22,11,22,22,11,22,22,11,22,22,22,22,22,22,22,22,22,22,22,22,22,22,22,22,11,11,22,22,22,11,22,22,22,22,22,22,22,11,11,22,22,22,11,11,22,22,11,22,22,11,22,11,22,11,11,22,22,11,22,22,22,11,22,22,11,22,11,11,22,22,22,11,22,22,11,22,11,22,11,22,22,22,22
Progeny60,22,22,22,11,22,22,22,22,22,22,22,11,22,22,22,11,22,22,22,22,11,11,22,11,22,22,22,22,22,22,22,22,22,11,11,22,22,22,11,22,11,11,11,11,22,11,22,22,11,22,11,11,22,11,11,22,22,22,22,22,11,22,22,22,22,11,11,22,22,11,11,11,22,22,22,22,11,22,11,11,22,22,22,22,22,22,22,22,22,11,11,22,11,22,22,22,22,22,11,22,11,22,22,11,11,11,22,22,11,22,22,22,22,22,11,22,22,11,22,11,22,22,22,22,22,11,22,11,22,22,11,11,11,22,11,22,22,11,22,22,11,11,22,22,22,11,11,11,22,22,22,22,22,11,22,11,22,11,11,11,22,22,22,22,22,11,11,11,11,11,11,22,11,11,11,22,22,22,22,22,22,22,11,11,22,22,11,22,22,22,11,11,22,22,11,11,11
Progeny61,22,22,22,11,22,22,22,22,22,22,22,11,22,22,22,11,22,22,22,22,11,11,22,11,11,11,11,22,11,22,22,22,11,11,22,22,22,22,11,22,11,22,22,11,22,22,22,22,11,22,11,11,22,22,22,22,22,22,22,22,11,22,11,22,22,11,22,11,22,11,11,11,22,11,11,22,22,22,22,22,22,11,22,11,22,11,22,22,11,22,22,22,11,11,11,22,11,22,22,11,11,22,22,11,11,22,22,22,22,11,11,11,22,22,22,11,22,22,11,22,22,11,22,22,22,22,11,22,11,11,11,11,22,22,22,22,22,22,22,22,11,11,22,22,22,22,22,22,22,22,22,22,22,11,22,22,22,11,22,22,22,22,22,22,22,22,22,11,22,22,22,22,22,11,11,22,11,22,11,22,11,11,22,22,22,11,22,22,11,22,11,22,11,22,22,22,22
Progeny62,22,22,11,22,22,11,22,22,22,11,22,22,11,22,22,11,11,22,11,22,22,22,11,11,11,22,22,11,22,22,22,11,22,22,11,22,11,22,22,22,11,22,22,22,22,22,11,22,22,22,22,22,11,22,22,22,11,11,11,11,22,22,22,22,22,11,11,22,22,11,11,11,22,22,22,22,22,22,11,22,11,22,22,22,22,22,11,22,22,22,22,11,22,22,22,11,11,22,22,22,22,22,11,11,11,11,22,22,11,22,22,22,22,22,11,22,22,22,22,22,22,22,22,11,11,22,22,22,22,22,22,22,22,22,22,22,22,22,11,11,22,22,22,11,22,22,22,22,22,22,22,11,11,22,22,22,11,11,22,22,11,22,22,11,22,11,22,11,11,22,22,11,22,22,22,11,22,22,11,11,22,22,11,22,11,22,11,11,22,11,11,12,21,12,12,22,12
Progeny63,11,22,11,11,22,11,11,11,22,11,11,11,22,22,11,22,22,22,22,22,11,22,22,22,22,11,11,22,22,22,11,11,22,22,11,22,11,22,22,22,22,22,22,22,11,11,11,11,22,22,11,22,11,11,22,22,11,11,11,11,11,22,11,11,22,22,22,22,11,22,22,22,22,22,22,22,22,22,11,22,11,22,22,22,22,22,11,22,22,22,22,11,22,22,22,11,11,22,22,22,22,22,11,22,22,22,22,22,22,11,22,22,11,22,22,11,11,22,22,22,22,11,11,22,22,22,11,22,11,11,11,11,22,22,22,22,22,11,22,22,11,11,22,22,22,11,11,11,22,22,22,22,22,11,22,11,11,11,22,22,11,22,22,11,22,11,22,11,11,22,22,11,22,11,11,22,22,22,22,22,22,22,11,11,22,22,11,22,22,22,11,11,22,22,11,11,11
Progeny64,22,22,11,22,22,11,22,22,22,11,22,22,11,22,22,11,11,22,11,22,22,22,11,11,11,22,22,11,22,22,22,11,22,22,11,22,11,22,22,22,22,22,22,22,11,11,11,11,22,22,11,22,11,11,22,22,22,22,22,22,11,22,22,22,22,11,11,22,22,11,11,11,22,22,22,22,11,22,11,11,22,22,22,22,22,22,22,22,22,22,22,11,22,22,11,22,22,22,22,22,22,22,22,22,22,22,11,22,22,22,22,22,22,22,22,11,22,11,22,11,22,22,22,22,22,11,22,11,22,22,11,11,11,22,11,22,22,11,22,22,11,11,22,22,22,11,11,11,22,22,22,22,22,11,22,11,22,11,11,11,22,22,22,22,22,11,11,11,11,11,11,22,11,11,11,22,22,22,22,22,22,22,11,11,22,22,11,22,22,22,11,11,22,22,11,11,11
Progeny65,22,22,11,22,22,11,22,22,22,11,22,22,11,22,22,11,11,22,11,22,22,22,11,11,11,22,22,11,22,22,22,11,22,12,21,22,11,22,11,11,11,22,22,11,22,22,22,22,11,22,11,11,22,22,22,22,22,22,22,22,11,22,11,22,22,11,22,11,22,11,11,11,22,11,11,22,22,22,22,22,22,11,22,11,22,11,22,22,11,22,22,22,11,11,11,22,11,22,22,11,22,22,22,22,22,22,22,22,22,11,22,22,11,22,22,11,11,22,11,22,22,11,22,22,22,22,22,22,22,22,22,22,22,22,22,22,22,22,11,11,22,22,22,11,22,22,22,22,22,22,22,11,11,22,22,22,11,11,22,22,11,22,22,22,11,22,11,22,22,22,11,22,22,22,22,11,22,22,22,22,22,22,22,11,22,22,22,22,22,22,22,22,11,11,22,11,11
Progeny66,11,22,11,11,22,11,11,11,22,11,11,11,22,22,11,22,22,22,22,22,11,22,22,22,22,11,11,22,22,22,11,11,22,22,11,22,22,22,11,22,11,11,11,11,11,11,11,11,22,22,11,22,11,11,22,22,22,22,22,11,11,22,11,11,22,22,22,22,22,11,11,11,22,11,11,22,22,22,11,22,11,22,22,22,22,22,11,22,22,22,22,11,22,22,22,11,11,22,22,22,11,22,22,22,22,22,11,22,11,22,22,22,22,22,22,11,22,22,22,22,22,11,11,22,22,22,11,22,11,11,11,11,22,22,22,22,22,22,22,22,11,11,22,22,22,22,22,22,22,22,22,22,22,11,22,22,22,11,22,22,22,22,22,22,22,22,22,11,22,22,22,22,22,11,11,22,11,22,11,22,11,11,22,22,22,11,22,22,11,22,11,22,11,22,22,22,22
Progeny67,11,11,22,11,11,22,11,22,22,11,22,11,22,11,11,22,22,22,22,11,11,11,22,11,11,11,11,22,22,22,22,22,22,11,11,22,22,22,22,22,11,22,22,22,22,22,11,22,22,22,22,22,11,22,22,22,11,11,11,12,21,22,11,22,22,11,22,11,22,11,11,11,22,11,11,22,22,22,22,22,22,11,22,11,22,11,22,22,11,22,22,22,11,11,11,22,11,22,22,11,22,22,22,22,11,22,22,22,22,11,11,11,22,22,22,11,22,22,22,22,22,11,11,22,22,22,22,11,22,22,11,11,11,22,11,22,22,11,22,22,11,11,22,22,22,11,11,11,22,22,22,22,22,11,22,11,22,11,11,11,22,22,22,22,22,11,11,11,11,11,11,22,11,11,11,22,22,22,22,22,22,22,11,11,22,22,11,22,22,22,11,11,22,22,11,11,11
Progeny68,22,22,11,22,22,11,22,22,22,11,22,22,11,22,22,11,11,22,11,22,22,22,11,11,11,22,22,11,22,22,22,11,22,22,11,22,11,22,22,22,22,22,22,22,11,11,11,11,22,22,11,22,11,11,22,22,22,22,22,22,11,22,21,21,22,12,12,22,22,11,11,11,22,22,22,22,22,22,11,22,11,22,22,22,22,22,11,22,22,22,22,11,22,22,22,11,11,22,22,22,22,22,11,22,22,22,22,22,22,11,22,22,11,22,22,11,11,22,11,22,11,22,22,11,11,22,22,22,22,22,22,22,22,22,22,22,11,22,22,22,11,11,22,22,22,22,22,22,22,22,22,22,22,11,22,22,22,11,22,22,22,22,22,22,22,22,22,11,22,22,22,22,22,11,11,22,11,22,11,22,11,11,22,22,22,11,22,22,11,22,11,22,11,22,22,22,22
Progeny69,11,22,11,11,22,11,11,11,22,11,11,11,22,22,11,22,22,22,22,22,11,22,22,22,22,11,11,22,22,22,11,11,22,22,11,22,22,22,11,22,11,11,11,11,22,11,22,22,11,22,11,11,22,11,11,22,22,22,22,22,11,22,22,22,22,11,11,22,22,11,11,11,22,22,22,22,11,22,11,11,22,22,22,22,22,22,22,22,22,11,11,22,11,22,22,22,22,22,11,12,21,22,22,11,11,11,22,22,11,22,22,22,22,22,11,22,22,11,22,11,22,22,22,22,22,11,22,11,22,22,11,11,11,22,11,22,22,11,22,22,11,11,22,22,22,11,11,11,22,22,22,22,22,11,22,11,22,11,11,11,22,22,22,22,22,11,11,11,11,11,11,22,11,11,11,22,22,22,22,22,22,22,11,11,22,22,11,22,22,22,11,11,22,22,11,11,11
Progeny70,22,22,22,11,22,22,22,22,22,22,22,11,22,22,22,11,22,22,22,22,11,11,22,11,11,11,11,22,11,22,22,22,11,11,22,22,22,21,21,21,11,22,22,21,22,22,12,22,21,22,21,21,12,22,22,22,12,12,12,12,11,22,22,22,22,11,11,22,22,11,11,11,22,22,22,22,11,22,11,11,22,22,22,22,22,22,22,22,22,11,11,22,11,22,22,22,22,22,11,22,22,22,11,22,22,22,22,22,22,11,22,22,11,22,22,11,11,22,11,22,11,22,22,11,11,22,22,22,22,22,22,22,22,22,22,22,11,22,22,22,22,11,22,22,22,22,22,22,22,22,22,22,22,11,22,22,22,11,22,22,22,22,22,22,22,22,22,11,22,22,22,22,22,11,11,22,11,22,11,22,11,11,22,22,22,11,22,22,11,22,11,22,11,22,22,22,22
Progeny71,22,22,22,11,22,22,22,22,22,11,22,22,11,22,22,11,11,22,11,22,22,22,11,11,11,22,22,11,22,22,22,11,22,22,11,22,11,22,22,22,22,22,22,22,11,11,11,11,22,22,11,22,11,22,22,22,11,11,11,11,11,22,11,11,22,22,22,22,11,22,22,22,22,22,22,22,22,22,11,22,11,22,22,22,22,22,11,22,22,22,22,11,22,22,11,22,22,22,22,22,22,22,22,22,22,22,11,22,22,22,22,22,22,22,22,11,22,21,12,21,22,12,22,22,22,21,22,21,22,22,22,22,22,22,22,22,22,11,22,22,11,11,22,22,22,11,11,11,22,22,22,22,22,11,22,11,22,11,11,11,22,22,22,22,22,11,11,11,11,11,11,22,11,11,11,22,22,22,22,22,22,22,11,11,22,22,11,22,22,22,11,11,22,11,11,22,11
Progeny72,22,22,11,22,22,11,22,22,22,11,22,22,11,22,22,11,11,22,11,22,22,22,11,11,11,22,22,11,22,22,22,11,22,22,11,22,11,22,22,22,22,22,22,22,11,11,11,11,22,22,11,11,22,11,11,22,22,22,22,22,11,22,22,22,22,11,11,22,22,11,11,11,22,22,22,22,11,22,11,11,22,22,22,22,22,22,22,22,22,11,11,22,11,22,22,22,11,22,22,11,22,22,22,22,11,22,22,22,22,11,11,11,22,22,22,11,22,22,11,22,11,22,22,11,11,22,22,22,22,22,22,22,22,22,22,22,11,22,22,22,22,22,22,11,11,22,22,22,22,11,11,22,22,22,22,22,22,22,22,22,22,22,22,22,11,22,11,22,22,22,11,22,22,22,22,11,22,22,22,22,22,22,22,11,22,22,22,22,22,22,22,22,11,11,22,11,11
Progeny73,22,22,22,11,22,22,22,22,22,22,22,11,22,22,22,11,22,22,22,22,11,11,22,11,22,22,22,22,22,22,22,22,22,11,11,22,22,22,22,22,11,22,22,22,22,22,11,22,22,22,22,22,11,22,22,22,11,11,11,11,22,22,22,11,22,22,22,22,22,11,22,22,22,22,11,11,22,22,22,22,22,22,11,11,22,22,22,22,22,22,22,11,22,22,11,22,22,22,22,22,22,22,22,22,22,22,11,22,22,22,22,22,22,22,22,11,22,22,11,22,22,11,22,22,22,22,22,22,22,22,22,22,22,22,22,22,22,22,11,11,22,22,22,11,22,22,22,22,22,22,22,11,11,22,22,22,11,11,22,22,11,22,22,11,22,11,22,11,11,22,22,11,22,22,22,11,22,22,11,11,22,22,11,22,11,22,22,22,22,22,22,22,11,11,22,11,11
Progeny74,22,22,22,11,22,22,22,22,22,11,11,11,22,22,21,12,22,22,22,22,11,11,22,11,22,22,22,22,22,22,22,22,22,22,11,22,22,22,11,22,11,22,22,22,22,22,11,22,22,22,22,22,11,22,22,22,11,11,11,11,22,22,22,11,22,22,22,22,22,11,22,22,22,22,11,11,22,22,22,11,22,22,22,22,22,22,22,22,22,11,11,22,11,22,22,22,22,22,11,22,11,22,22,11,11,11,22,22,11,22,22,22,22,22,11,22,22,22,11,22,11,22,22,11,11,22,22,22,22,22,22,22,22,22,22,22,11,22,22,22,11,11,22,22,22,11,11,11,22,22,22,22,22,11,22,11,22,11,11,11,22,22,22,22,11,22,11,22,22,22,11,22,22,22,22,11,22,22,22,22,22,22,22,11,22,22,22,22,22,22,22,22,11,11,22,11,11
Progeny75,22,22,11,22,22,11,22,22,22,11,22,22,11,22,22,11,11,22,11,22,22,22,11,11,11,22,22,11,22,22,22,11,22,22,11,22,11,22,22,22,22,22,22,22,11,11,11,11,22,22,11,22,11,11,22,22,22,22,22,11,11,22,11,11,22,22,22,22,11,22,22,22,22,22,22,22,22,22,11,22,11,22,22,22,22,22,11,22,22,22,22,11,22,22,22,11,11,22,22,22,22,22,11,22,22,22,22,22,22,11,22,22,11,22,22,11,11,22,22,22,22,11,11,22,22,22,11,22,22,22,22,22,22,22,22,22,11,22,22,22,22,22,22,11,11,22,22,22,22,11,11,22,22,22,22,22,22,22,22,22,22,22,22,22,11,22,11,22,22,22,11,22,22,22,22,11,22,22,22,22,22,22,11,11,22,22,11,22,22,22,11,11,22,22,11,11,11
Progeny76,11,22,11,22,22,11,22,22,22,11,22,22,11,22,22,11,11,22,11,22,22,22,11,11,11,22,22,11,22,22,22,11,22,22,11,22,11,22,22,22,22,22,22,22,11,11,11,11,22,22,11,22,11,11,22,22,22,22,22,11,11,22,11,11,22,22,22,22,11,22,22,22,22,22,22,22,22,22,11,22,22,11,22,11,22,11,22,22,11,22,22,22,11,22,22,11,11,22,22,22,22,22,22,11,11,11,22,22,11,22,22,22,22,22,11,22,22,22,11,22,11,22,22,11,11,22,22,22,22,22,22,22,22,22,22,22,11,22,22,22,22,22,22,11,11,22,22,22,22,11,11,22,22,22,22,22,22,22,22,22,22,22,22,22,11,22,11,22,22,22,11,22,22,22,22,11,22,22,21,21,22,22,22,11,22,22,21,21,12,21,11,21,12,21,21,21,22
Progeny77,11,22,11,11,22,11,11,11,22,11,11,11,22,22,11,22,22,22,22,22,11,22,22,22,22,11,11,22,22,22,11,11,22,22,11,22,12,22,21,22,21,21,21,21,12,11,12,12,21,22,11,21,12,11,21,22,22,22,22,12,11,22,12,12,22,21,21,22,12,21,21,21,22,22,22,22,11,22,11,11,22,22,22,12,22,22,22,22,22,11,11,22,11,22,22,22,22,22,11,22,11,22,22,11,11,11,22,22,11,22,22,22,22,22,11,22,22,11,22,11,22,22,22,22,22,11,22,11,22,22,11,11,11,22,11,22,22,11,22,22,11,11,22,22,22,11,11,11,22,22,22,22,22,11,22,11,22,22,22,22,22,22,22,22,22,22,22,11,22,22,22,22,22,11,11,22,11,22,11,22,11,11,22,22,22,11,22,22,11,22,11,22,11,22,22,22,22
Progeny78,22,22,11,22,22,11,22,22,22,11,22,22,11,22,22,11,11,22,11,22,12,22,11,11,11,22,22,11,22,22,22,11,22,22,11,22,11,22,22,22,22,22,22,22,11,11,11,11,22,22,11,22,11,11,22,22,22,22,22,11,11,22,11,11,22,22,22,22,11,22,22,22,22,22,22,22,22,22,11,22,11,22,22,22,22,22,11,22,22,22,22,11,22,22,22,11,11,22,22,22,22,22,22,22,11,22,22,22,22,11,11,11,22,22,22,11,22,22,22,22,22,11,11,22,22,22,11,22,11,11,11,11,22,22,22,22,22,22,22,22,11,11,22,22,22,22,22,22,22,22,22,22,22,11,22,22,22,11,22,22,22,22,22,22,22,22,22,11,11,11,11,22,11,11,11,22,22,22,22,22,22,22,11,11,22,22,11,22,22,22,11,11,22,22,22,22,22
Progeny79,11,22,11,11,22,11,11,11,22,11,11,11,22,22,11,22,22,22,22,22,22,22,11,11,11,22,22,11,22,22,22,11,22,22,11,22,11,22,22,22,22,22,22,22,11,11,11,11,22,22,11,22,11,11,22,22,22,22,22,11,11,22,11,11,22,11,11,22,22,11,11,11,22,22,22,22,11,22,11,11,22,22,22,22,22,22,22,22,22,11,11,22,11,22,22,22,22,22,11,22,11,22,22,11,11,11,22,22,11,22,22,22,22,22,11,22,22,22,11,22,22,11,22,22,22,22,22,22,22,22,22,22,22,22,22,22,22,22,11,11,22,22,22,11,22,22,22,22,22,22,22,11,11,22,22,22,11,11,22,22,11,22,22,11,22,11,22,11,11,22,22,11,22,22,22,11,22,22,21,21,22,22,21,12,21,22,21,22,22,22,22,22,11,11,22,11,11
Progeny80,22,22,11,22,22,11,22,22,22,11,22,22,11,22,22,11,11,22,11,22,22,22,11,11,11,22,22,11,22,22,22,11,22,11,22,22,22,11,11,11,11,22,22,11,22,22,22,22,11,22,11,11,22,22,22,22,22,22,22,22,11,22,11,22,22,11,22,11,22,11,11,11,22,11,11,22,22,22,22,22,22,11,22,11,22,11,22,22,11,22,22,22,11,11,11,22,11,22,22,11,22,22,22,22,11,22,22,22,22,11,11,11,22,22,22,11,22,11,22,11,22,22,22,22,22,11,22,11,22,22,11,11,11,22,11,22,22,11,22,22,11,11,22,22,22,11,11,11,22,22,22,22,22,11,22,11,22,11,11,11,22,22,22,22,22,11,11,11,11,11,11,22,11,22,22,11,22,22,11,11,22,11,22,22,22,11,22,22,11,22,11,22,11,22,22,22,22
Progeny81,22,22,22,11,22,22,11,11,22,11,11,11,22,22,11,22,22,22,22,22,11,22,22,22,22,11,11,22,22,22,11,11,22,22,11,22,21,22,12,22,12,11,11,11,22,11,22,22,11,22,11,11,22,11,11,22,22,22,22,12,11,22,11,11,22,22,22,22,22,11,11,11,22,22,22,22,11,22,11,11,22,22,22,22,22,22,22,22,22,11,11,22,11,22,22,22,22,22,11,22,11,22,22,11,11,11,22,22,11,22,22,22,11,22,22,11,11,22,11,22,11,22,22,11,11,22,22,22,22,22,22,22,22,22,22,22,11,22,22,22,11,11,22,22,22,11,11,11,22,22,22,22,22,11,22,11,22,11,11,11,22,22,22,22,22,11,11,11,11,11,11,22,11,11,11,22,22,22,22,22,22,22,11,11,22,22,11,22,22,22,11,11,22,22,11,11,11
Progeny82,22,22,22,11,22,22,22,22,22,22,22,11,22,22,22,11,22,22,22,22,11,11,22,11,22,22,22,22,22,22,22,22,22,11,11,22,22,22,22,22,11,22,22,22,22,22,11,22,22,22,22,22,11,11,11,22,22,22,22,22,11,22,11,22,22,11,22,11,22,11,11,11,22,11,11,22,22,22,22,22,22,11,22,11,22,11,22,22,11,22,22,22,11,11,11,22,11,22,22,11,22,22,22,22,11,22,22,22,22,11,11,11,22,22,22,11,22,22,11,22,11,22,22,11,11,22,22,22,22,22,22,22,22,22,22,22,11,22,22,22,22,22,22,11,11,22,22,22,22,11,11,22,22,22,22,22,22,22,22,22,22,22,22,22,11,22,22,11,11,22,22,11,22,22,22,11,22,22,11,11,22,22,11,22,11,22,11,11,22,11,11,11,22,11,11,22,11
Progeny83,21,22,21,11,22,22,22,22,22,22,22,11,22,22,22,11,22,22,22,22,11,11,22,11,22,22,22,22,22,22,22,22,22,11,11,22,22,22,22,22,11,22,22,22,22,22,11,22,22,22,22,22,11,22,22,22,22,22,22,12,11,22,11,12,22,21,22,21,12,21,21,21,22,21,21,22,22,22,22,22,22,11,22,11,22,11,22,22,22,22,22,11,22,22,22,11,11,22,22,22,22,22,11,22,22,22,22,22,22,11,22,22,11,22,22,11,22,22,11,22,12,21,22,12,12,22,21,22,21,21,21,21,22,22,22,22,11,22,22,22,22,22,22,11,11,22,22,22,22,11,11,22,22,22,22,22,22,22,22,22,22,22,22,22,11,22,11,22,22,22,11,22,22,22,22,11,22,22,22,22,22,22,22,11,22,22,22,22,22,22,22,22,11,11,22,11,11
Progeny84,22,22,11,22,22,11,22,22,22,11,22,22,11,22,22,11,11,22,11,22,22,22,22,22,22,11,11,22,22,22,11,11,22,11,11,22,22,22,22,22,11,22,22,22,22,22,11,22,22,22,22,22,11,22,22,22,11,11,11,11,22,22,22,11,22,11,22,11,22,11,11,11,22,11,11,22,22,22,11,11,22,22,22,22,22,22,22,22,22,11,11,22,11,22,22,22,22,22,11,22,22,22,12,22,21,22,22,22,22,11,11,11,22,22,22,11,22,22,11,22,11,22,22,11,11,22,22,22,22,22,22,22,22,22,22,22,11,22,22,22,22,22,22,11,11,22,22,22,22,11,11,22,22,22,22,22,12,12,22,22,12,22,22,12,21,12,21,12,11,22,22,11,22,22,22,11,22,22,11,11,22,22,11,22,11,22,11,11,22,11,11,11,22,11,11,22,11
Progeny85,11,11,22,11,22,22,22,22,22,22,22,11,22,22,22,11,22,22,22,22,11,11,22,11,12,22,22,12,22,22,22,12,22,21,11,22,22,22,12,22,11,12,12,12,22,22,11,22,22,22,22,22,11,22,22,22,22,22,22,22,11,22,22,22,22,11,11,22,22,11,22,22,22,22,11,11,22,22,22,22,22,22,22,22,22,22,22,22,22,22,22,11,22,22,11,22,22,22,22,22,22,22,22,22,22,22,11,22,22,22,22,22,22,22,11,22,22,11,22,11,22,22,22,22,22,11,22,11,22,22,11,11,11,22,11,22,22,11,22,22,11,11,22,22,22,22,22,22,22,22,22,22,22,11,22,22,22,11,22,22,22,22,22,22,22,22,22,11,22,22,22,22,22,11,11,22,22,22,22,22,22,22,11,11,22,22,11,22,22,22,11,11,22,22,11,11,11
Progeny86,22,22,22,11,22,22,22,22,22,22,22,22,11,22,22,11,11,22,11,22,22,22,11,11,11,22,22,11,22,22,22,11,22,22,11,22,11,22,22,22,22,22,22,22,11,11,11,11,22,22,11,22,11,11,22,22,22,22,22,22,11,22,22,22,22,11,11,22,22,11,22,22,22,22,11,11,22,22,11,22,11,22,22,22,22,22,11,22,22,22,22,11,22,22,22,11,11,22,22,22,22,22,11,22,22,22,22,22,22,11,22,22,11,22,22,11,11,11,22,11,22,22,22,22,22,11,22,11,22,22,11,11,11,22,11,22,22,11,22,22,11,11,22,22,22,11,11,11,22,22,22,22,22,11,22,11,22,11,11,11,22,22,22,22,22,11,11,11,11,11,11,22,11,11,11,22,22,22,22,22,22,22,11,11,22,22,11,22,22,22,11,11,22,22,11,11,11
Progeny87,22,22,22,11,22,22,22,22,22,11,22,11,22,11,11,22,22,22,22,11,11,11,22,11,11,11,11,22,11,22,22,22,11,11,22,22,22,11,11,11,11,22,22,11,22,22,22,22,11,22,11,11,22,22,22,22,11,11,11,11,22,22,22,11,22,22,22,22,22,11,22,22,22,22,11,11,22,22,22,22,22,22,11,11,22,22,22,22,22,22,22,11,22,22,11,22,11,22,22,22,22,22,22,22,22,22,22,22,22,11,22,22,11,22,22,11,11,22,11,22,11,22,22,11,11,22,22,22,22,22,22,22,22,22,22,22,11,22,22,22,22,22,22,11,11,22,22,22,22,11,11,22,22,22,22,22,22,22,22,22,22,22,22,22,11,22,11,22,22,22,11,22,22,22,22,11,22,22,22,22,22,22,22,11,22,22,22,22,22,22,22,22,11,11,22,11,11
Progeny88,22,22,11,11,22,11,11,11,22,11,11,11,22,22,11,22,22,22,22,22,11,11,22,11,22,22,22,22,22,22,22,22,22,11,11,22,22,22,22,22,11,22,22,22,22,22,11,22,11,22,11,11,22,11,11,22,22,22,22,22,11,22,22,22,22,11,11,22,22,11,11,11,22,22,22,22,22,22,22,22,22,11,22,11,22,11,22,22,11,22,22,22,11,11,11,22,11,22,22,11,22,22,22,22,11,22,22,22,22,11,22,22,11,22,22,11,11,22,11,22,22,11,22,22,22,22,22,22,22,22,22,22,22,22,22,22,22,22,22,22,11,11,22,21,22,22,22,22,22,22,22,21,21,12,22,22,11,11,22,22,22,22,22,22,22,22,22,11,22,22,11,22,11,11,11,22,22,22,22,22,22,22,11,11,22,22,11,22,22,22,11,11,22,22,11,11,11
Progeny89,11,22,11,11,22,11,11,11,22,11,11,11,22,22,11,22,22,22,22,22,11,22,22,22,22,11,11,22,22,22,11,11,22,22,11,22,11,22,22,22,22,22,22,22,11,11,11,11,22,22,11,22,11,11,22,22,22,22,22,11,11,22,11,11,22,22,22,22,11,11,11,11,22,11,22,22,22,22,11,22,22,11,22,11,22,11,22,22,11,22,22,22,11,11,11,22,11,22,22,11,22,22,22,22,11,22,22,22,22,11,11,11,22,22,22,11,22,22,11,22,11,22,22,11,11,22,22,22,22,22,22,22,22,22,22,22,11,22,22,22,22,22,22,11,11,22,22,22,22,11,11,22,22,22,22,22,22,22,22,22,22,22,22,22,11,22,11,22,22,22,11,22,22,22,22,11,22,22,22,22,22,22,22,11,22,22,22,22,22,22,22,22,11,11,22,11,11
Progeny90,22,22,22,11,22,22,22,22,22,22,22,11,22,22,22,11,22,22,22,22,11,11,22,11,22,22,22,22,22,22,22,22,22,11,11,22,22,22,22,22,11,22,22,22,22,22,11,22,22,22,22,22,11,22,22,22,11,11,11,11,22,22,22,11,22,22,22,22,22,11,11,11,22,22,22,22,11,22,11,11,22,22,22,22,22,22,22,22,22,11,11,22,11,21,21,22,21,22,12,21,12,22,22,12,11,12,22,22,12,21,21,21,22,22,12,21,22,22,22,22,22,11,11,22,22,22,11,22,11,11,21,21,22,22,22,22,12,22,22,22,21,21,22,12,12,22,22,22,22,11,11,22,22,22,22,22,22,22,22,22,22,22,22,22,11,22,11,22,22,22,11,22,22,22,22,11,22,22,22,22,22,22,22,11,22,22,22,22,22,22,22,22,11,11,22,11,11
Progeny91,11,11,22,11,11,22,11,22,22,11,22,22,11,22,22,11,11,22,11,22,22,22,11,11,11,22,22,11,22,22,22,11,22,22,11,22,22,22,11,22,11,11,11,11,22,11,22,22,11,22,11,11,22,11,11,22,22,22,22,22,11,22,22,22,22,11,11,22,22,11,11,11,22,22,22,22,11,22,11,11,22,22,22,22,22,22,22,22,22,11,11,22,11,22,22,22,22,22,11,22,11,22,22,11,11,11,22,22,22,11,22,22,22,22,11,22,22,11,22,11,22,22,11,22,22,22,11,22,11,11,11,11,22,22,22,22,22,22,22,22,11,11,22,22,22,22,22,22,22,22,22,22,22,11,22,22,22,11,11,11,22,22,22,22,22,22,22,11,22,22,22,22,22,11,11,22,11,22,11,22,11,11,22,22,22,11,22,22,11,22,11,22,11,22,22,22,22
Progeny92,11,11,22,11,11,22,11,22,22,11,22,11,22,11,11,22,22,22,22,11,11,11,22,11,11,11,11,22,11,22,22,22,11,11,22,22,22,11,11,11,11,22,22,11,22,22,11,22,22,22,22,22,11,22,22,22,22,22,22,11,11,22,11,11,22,22,22,22,11,11,22,22,22,22,22,22,22,22,11,22,11,22,22,22,22,22,11,22,22,22,22,11,22,22,22,11,11,22,22,22,22,22,11,22,22,22,22,22,22,11,22,22,11,22,22,11,11,22,11,22,11,22,22,11,11,22,22,22,22,22,22,22,22,22,22,22,11,22,22,22,22,11,22,22,22,11,11,11,22,22,22,22,22,11,22,11,22,11,11,11,22,22,22,22,22,11,11,11,11,11,11,22,11,11,11,22,22,22,22,22,22,22,11,22,11,22,11,11,22,11,11,11,22,11,11,22,11
Progeny93,11,22,11,11,22,11,11,11,22,11,11,11,22,22,11,22,22,22,22,22,11,22,22,22,22,11,11,22,22,22,11,11,22,22,11,22,22,22,11,22,11,11,11,11,22,11,22,22,22,22,22,22,11,22,22,22,11,11,11,11,22,22,22,11,22,22,22,22,22,11,22,22,22,22,11,11,22,22,22,22,22,22,11,11,22,22,22,22,22,22,22,11,22,22,11,22,22,22,22,22,22,22,22,22,22,22,11,22,22,22,22,22,22,22,22,11,22,22,22,22,22,11,11,22,22,22,11,22,11,11,11,11,22,22,22,22,22,22,22,11,22,22,22,11,22,22,22,22,22,22,22,11,11,22,22,22,11,11,22,22,11,22,22,11,22,11,22,11,11,22,22,11,22,22,22,22,22,22,22,22,22,22,11,11,22,22,11,11,22,11,11,11,22,11,11,22,11
Progeny94,22,22,11,22,22,11,22,22,22,11,22,22,11,22,22,11,11,22,22,11,11,22,11,11,11,22,22,11,22,22,22,11,22,11,22,22,22,11,11,11,11,22,22,11,22,22,22,22,11,22,11,11,22,22,22,22,22,22,22,22,11,22,11,22,22,11,22,11,22,11,11,11,22,11,11,22,22,22,22,22,22,11,22,11,22,11,22,22,11,22,22,22,11,11,11,22,22,22,22,22,22,22,22,22,22,22,11,22,22,22,22,22,22,22,22,11,22,22,11,22,22,11,22,22,22,22,22,22,22,22,22,22,22,22,22,22,22,22,11,11,22,22,22,22,22,22,22,22,22,22,22,22,22,11,22,22,22,22,22,22,22,22,22,22,11,22,11,22,22,22,11,22,22,22,22,11,22,22,22,22,22,22,22,11,22,22,22,22,22,22,22,22,11,11,22,11,11
Progeny95,11,11,22,11,11,22,11,22,22,11,11,11,22,22,11,22,22,22,22,22,11,22,22,22,22,11,11,22,22,22,11,11,22,22,11,22,22,22,11,22,11,11,11,11,22,11,22,22,11,22,11,11,22,11,11,22,22,22,22,22,11,22,11,22,22,11,22,11,22,11,11,11,22,11,11,22,22,22,22,22,22,11,22,11,22,11,22,22,11,22,22,22,22,22,11,22,22,22,22,22,22,22,22,22,22,22,11,22,22,22,22,22,22,22,22,11,22,22,22,22,22,11,22,22,22,22,22,22,22,22,22,22,22,22,11,22,22,11,22,22,11,11,22,22,22,11,11,11,22,22,22,22,22,11,22,11,22,11,11,11,22,22,22,22,22,11,11,11,11,11,22,11,22,22,22,11,22,22,11,11,22,22,11,22,11,22,11,11,22,11,11,11,22,11,11,22,11
Progeny96,11,11,22,11,11,22,11,22,22,22,22,11,22,22,22,11,22,22,22,22,11,12,22,12,22,21,21,22,22,22,11,11,22,22,11,22,22,22,11,22,11,11,11,11,22,11,22,22,11,22,11,11,22,11,11,22,22,22,22,22,11,22,22,22,22,11,11,22,22,11,11,11,22,22,22,22,11,22,22,22,22,22,11,11,22,22,22,22,22,11,11,22,11,22,22,11,11,22,22,22,22,22,22,22,22,22,22,22,22,11,22,22,11,22,22,11,11,22,11,22,11,22,22,11,11,22,22,22,22,22,22,22,22,22,22,22,11,22,22,22,22,22,22,11,11,22,22,22,22,11,11,22,22,22,22,22,22,22,22,22,22,22,22,22,11,22,11,22,22,22,11,22,22,22,22,11,22,22,22,22,22,22,22,11,22,22,22,22,22,22,22,22,11,11,22,11,11
Progeny97,22,22,22,11,22,22,22,22,22,22,22,11,22,22,22,11,22,22,22,22,11,11,22,11,22,22,22,22,22,22,22,22,22,11,11,22,22,22,22,22,11,22,22,22,22,22,11,22,22,22,22,22,11,22,22,22,11,11,11,11,22,22,22,22,22,11,11,22,22,11,11,11,22,22,22,22,11,22,11,11,22,22,22,22,22,22,22,22,22,11,11,22,11,22,22,22,22,22,11,22,11,22,22,11,11,11,22,22,11,22,22,22,22,22,11,22,22,22,22,22,22,11,11,22,22,22,22,11,22,22,11,11,11,22,11,22,22,11,22,22,22,22,22,11,11,22,22,22,22,11,11,11,11,22,22,22,11,11,22,22,11,22,22,11,22,11,22,11,11,22,22,11,22,22,22,11,22,22,11,11,22,22,11,22,11,22,11,11,22,11,11,11,22,11,11,22,11
Progeny98,22,22,22,11,22,22,22,22,22,22,22,11,22,22,22,11,22,22,22,22,11,11,22,11,22,22,22,22,22,22,22,11,22,22,11,22,11,22,22,22,22,22,22,22,11,11,11,11,22,22,11,22,11,11,22,22,22,22,22,11,11,22,11,11,22,22,22,22,22,11,11,11,22,11,11,22,22,22,22,22,22,11,22,11,22,11,22,22,11,22,22,22,11,11,11,22,11,22,22,11,22,22,22,22,21,22,22,22,22,11,22,22,22,22,22,11,22,12,22,22,22,11,11,22,22,22,11,22,11,11,11,11,22,22,22,22,22,22,22,22,11,11,22,22,22,22,22,22,22,22,22,22,22,11,22,22,22,11,22,22,22,22,22,22,22,22,22,11,22,22,22,22,22,11,11,22,11,22,11,22,11,11,22,22,22,11,22,22,11,22,11,22,11,22,22,22,22
Progeny99,22,22,11,22,22,11,22,22,22,11,22,22,11,22,22,11,11,22,11,22,22,22,11,11,11,11,11,22,11,22,22,22,11,11,22,22,22,11,11,11,11,22,22,11,22,22,22,22,11,22,11,11,22,22,22,22,22,22,22,22,11,22,11,11,22,22,22,22,11,22,22,22,22,22,22,22,22,22,11,22,11,22,22,22,22,22,11,22,22,22,22,11,22,22,22,11,11,22,22,22,22,22,11,22,22,22,22,22,22,11,22,22,11,22,22,11,11,22,22,22,22,11,11,22,22,22,11,22,11,11,11,11,22,22,22,22,22,22,22,22,11,11,22,22,22,22,22,22,22,22,22,22,22,11,22,22,22,11,22,22,22,22,22,22,22,22,22,11,22,22,22,22,22,11,11,22,11,22,11,22,11,11,22,22,22,11,22,22,11,22,11,22,11,11,22,11,11
Progeny100,22,22,11,11,22,11,11,11,22,11,11,11,22,22,11,22,22,22,22,22,11,22,22,22,22,11,11,22,22,22,11,11,22,22,11,22,11,22,22,22,22,22,22,22,11,11,11,11,22,22,11,22,11,11,22,22,22,22,22,22,11,22,22,22,22,11,11,22,22,11,11,11,22,22,22,22,11,22,11,11,22,22,22,11,22,22,22,22,22,22,22,11,22,22,11,22,22,22,22,22,11,22,22,11,11,11,22,22,11,22,22,22,22,22,11,22,22,22,22,22,22,11,11,22,22,22,11,22,11,11,11,11,22,22,22,22,22,22,22,22,22,22,22,11,22,22,22,22,22,22,22,11,11,22,22,22,11,11,22,22,11,22,22,11,22,11,22,11,11,22,22,11,22,22,22,11,22,22,11,11,22,22,11,22,11,22,11,11,22,11,11,11,22,11,11,22,11
